Customer ID,total_sales,total_orders_x,AOV,first_order,last_order,total_orders_y,active_months,order_frequency,days_since_last_order,Retention_Bucket
AA-10315,5563.5599999999995,5,1112.712,2019-03-31,2022-06-29,5,39.5,0.12658227848101267,184,Lost
AA-10375,1056.39,9,117.37666666666668,2019-04-21,2022-12-11,9,44.3,0.20316027088036118,19,Active
AA-10480,1790.512,4,447.628,2019-05-04,2022-04-15,4,35.9,0.11142061281337048,259,Lost
AA-10645,5086.9349999999995,6,847.8224999999999,2019-06-22,2022-11-05,6,41.1,0.145985401459854,55,Active
AB-10015,886.156,3,295.38533333333334,2019-02-18,2021-11-10,3,33.2,0.09036144578313252,415,Lost
AB-10060,7755.62,8,969.4525,2020-09-17,2022-11-06,8,26.0,0.3076923076923077,54,Active
AB-10105,14473.571,10,1447.3571,2019-12-20,2022-11-19,10,35.5,0.28169014084507044,41,Active
AB-10150,966.71,5,193.342,2019-03-05,2022-11-19,5,45.2,0.11061946902654866,41,Active
AB-10165,1113.838,8,139.22975,2019-11-16,2022-12-05,8,37.2,0.2150537634408602,25,Active
AB-10255,914.5319999999999,9,101.61466666666666,2019-07-22,2022-07-17,9,36.4,0.24725274725274726,166,At-risk
AB-10600,1515.862,4,378.9655,2019-11-18,2022-11-10,4,36.3,0.11019283746556474,50,Active
AC-10420,925.8,3,308.59999999999997,2019-07-12,2022-05-12,3,34.5,0.08695652173913043,232,Lost
AC-10450,5527.846,7,789.6922857142856,2019-10-31,2022-12-19,7,38.2,0.18324607329842932,11,Active
AC-10615,2537.686,5,507.53720000000004,2020-09-14,2022-12-24,5,27.7,0.18050541516245489,6,Active
AC-10660,657.316,5,131.4632,2019-10-15,2022-03-23,5,29.7,0.16835016835016836,282,Lost
AD-10180,6106.879999999999,8,763.3599999999999,2019-11-19,2022-12-01,8,36.9,0.21680216802168023,29,Active
AF-10870,2052.908,7,293.27257142857144,2020-12-05,2022-11-19,7,23.8,0.29411764705882354,41,Active
AF-10885,861.5649999999999,4,215.39124999999999,2019-05-10,2021-11-10,4,30.5,0.13114754098360656,415,Lost
AG-10270,2582.898,5,516.5796,2019-05-13,2022-03-27,5,35.0,0.14285714285714285,278,Lost
AG-10300,367.548,4,91.887,2019-04-26,2022-09-03,4,40.9,0.097799511002445,118,At-risk
AG-10330,660.9720000000001,5,132.19440000000003,2021-08-03,2022-12-22,5,16.9,0.2958579881656805,8,Active
AG-10390,200.945,5,40.189,2019-04-19,2022-09-07,5,41.2,0.12135922330097086,114,At-risk
AG-10495,2356.855,8,294.606875,2020-01-04,2022-10-13,8,33.8,0.2366863905325444,78,Active
AG-10525,1455.038,4,363.7595,2019-08-09,2020-09-06,4,13.1,0.3053435114503817,845,Lost
AG-10675,3489.0396,7,498.4342285714286,2020-05-06,2022-09-24,7,29.0,0.2413793103448276,97,At-risk
AG-10765,170.584,4,42.646,2019-09-17,2022-10-14,4,37.4,0.10695187165775401,77,Active
AG-10900,4510.7970000000005,10,451.07970000000006,2019-07-23,2022-09-25,10,38.7,0.25839793281653745,96,At-risk
AH-10030,1744.7,7,249.24285714285716,2019-04-22,2022-12-18,7,44.5,0.15730337078651685,12,Active
AH-10075,3250.337,10,325.0337,2019-11-16,2022-11-26,10,36.9,0.2710027100271003,34,Active
AH-10120,1735.5140000000001,7,247.93057142857145,2019-07-18,2022-10-31,7,40.0,0.175,60,Active
AH-10195,1587.452,4,396.863,2020-03-04,2022-11-05,4,32.5,0.12307692307692308,55,Active
AH-10210,4805.344,9,533.9271111111111,2019-11-29,2022-12-24,9,37.4,0.24064171122994654,6,Active
AH-10465,2495.3916,5,499.07831999999996,2020-01-03,2022-05-14,5,28.7,0.17421602787456447,230,Lost
AH-10585,738.504,4,184.626,2019-10-26,2022-12-09,4,38.0,0.10526315789473684,21,Active
AH-10690,7888.294,12,657.3578333333334,2019-04-02,2021-11-15,12,31.9,0.3761755485893417,410,Lost
AI-10855,4375.786,10,437.5786,2019-04-28,2022-12-17,10,44.3,0.22573363431151244,13,Active
AJ-10780,4867.344,7,695.3348571428571,2019-01-10,2022-10-16,7,45.8,0.15283842794759828,75,Active
AJ-10795,4501.391,7,643.0558571428571,2019-05-14,2022-07-17,7,38.7,0.1808785529715762,166,At-risk
AJ-10945,1839.24,7,262.74857142857144,2019-03-03,2022-10-06,7,43.8,0.15981735159817353,85,Active
AJ-10960,629.2479999999999,3,209.7493333333333,2019-09-14,2022-10-17,3,37.6,0.07978723404255318,74,Active
AM-10360,814.0120000000001,5,162.8024,2019-10-06,2022-12-02,5,38.4,0.13020833333333334,28,Active
AM-10705,5664.022,8,708.00275,2019-10-31,2022-07-21,8,33.1,0.2416918429003021,162,At-risk
AO-10810,161.28,1,161.28,2021-08-16,2021-08-16,1,0.0,inf,501,Lost
AP-10720,1638.554,8,204.81925,2019-03-03,2022-11-19,8,45.2,0.17699115044247787,41,Active
AP-10915,3323.556,10,332.3556,2019-08-23,2022-09-23,10,37.6,0.26595744680851063,98,At-risk
AR-10345,1055.694,4,263.9235,2019-12-30,2022-09-10,4,32.8,0.12195121951219513,111,At-risk
AR-10405,2236.1279999999997,5,447.22559999999993,2019-10-03,2022-08-27,5,35.3,0.141643059490085,125,At-risk
AR-10510,264.864,5,52.97279999999999,2019-05-02,2022-12-16,5,44.1,0.11337868480725623,14,Active
AR-10540,6608.448,6,1101.4080000000001,2019-11-25,2022-12-24,6,37.5,0.16,6,Active
AR-10570,88.15,1,88.15,2021-07-14,2021-07-14,1,0.0,inf,534,Lost
AR-10825,4523.336,8,565.417,2019-06-30,2022-11-02,8,40.7,0.19656019656019655,58,Active
AS-10045,3050.692,7,435.81314285714285,2019-07-27,2022-10-03,7,38.8,0.18041237113402064,88,Active
AS-10090,3255.31,9,361.7011111111111,2019-09-22,2022-12-02,9,38.9,0.23136246786632392,28,Active
AS-10135,58.82,2,29.41,2021-11-13,2022-11-19,2,12.4,0.16129032258064516,41,Active
AS-10225,4260.784,5,852.1568,2019-10-18,2022-12-08,5,38.2,0.13089005235602094,22,Active
AS-10240,584.608,7,83.51542857142856,2019-03-15,2022-06-21,7,39.8,0.17587939698492464,192,Lost
AS-10285,3214.236,6,535.706,2021-05-21,2022-12-11,6,19.0,0.3157894736842105,19,Active
AS-10630,833.398,7,119.05685714285714,2019-08-01,2022-09-29,7,38.5,0.18181818181818182,92,At-risk
AT-10435,1171.814,6,195.30233333333334,2019-11-24,2022-12-09,6,37.0,0.16216216216216217,21,Active
AT-10735,3831.8639999999996,10,383.18639999999994,2019-08-30,2022-12-17,10,40.2,0.24875621890547261,13,Active
AW-10840,649.376,4,162.344,2020-04-12,2022-12-10,4,32.4,0.1234567901234568,20,Active
AW-10930,2852.9680000000003,7,407.5668571428572,2019-07-14,2022-11-14,7,40.6,0.17241379310344826,46,Active
AY-10555,497.014,4,124.2535,2019-04-06,2022-12-16,4,45.0,0.08888888888888889,14,Active
AZ-10750,1622.018,6,270.33633333333336,2019-03-17,2022-07-23,6,40.8,0.14705882352941177,160,At-risk
BB-10990,744.34,5,148.868,2019-07-27,2022-09-16,5,38.2,0.13089005235602094,105,At-risk
BB-11545,6765.728,9,751.7475555555556,2020-06-04,2022-12-02,9,30.4,0.2960526315789474,28,Active
BC-11125,2933.676,9,325.964,2019-07-06,2022-06-11,9,35.7,0.25210084033613445,202,Lost
BD-11320,5718.521,12,476.54341666666664,2020-05-30,2022-11-27,12,30.4,0.39473684210526316,33,Active
BD-11500,4411.2429999999995,6,735.2071666666666,2019-02-01,2022-11-25,6,46.4,0.12931034482758622,35,Active
BD-11560,320.54,2,160.27,2020-05-29,2022-03-27,2,22.2,0.0900900900900901,278,Lost
BD-11605,3288.471,7,469.78157142857145,2019-01-13,2022-09-24,7,45.0,0.15555555555555556,97,At-risk
BD-11620,1538.11,6,256.35166666666663,2019-06-30,2022-10-22,6,40.3,0.14888337468982632,69,Active
BD-11635,582.646,3,194.21533333333332,2019-10-05,2022-12-21,3,39.1,0.07672634271099744,9,Active
BD-11725,1526.5,6,254.41666666666666,2020-07-02,2022-09-28,6,27.3,0.21978021978021978,93,At-risk
BD-11770,658.466,6,109.74433333333333,2021-03-10,2022-02-06,6,11.1,0.5405405405405406,327,Lost
BE-11335,4204.6759999999995,5,840.9351999999999,2021-01-14,2022-09-02,5,19.9,0.2512562814070352,119,At-risk
BE-11410,2261.438,5,452.2876,2021-02-06,2022-09-23,5,19.8,0.25252525252525254,98,At-risk
BE-11455,1727.652,6,287.942,2020-08-01,2022-04-20,6,20.9,0.28708133971291866,254,Lost
BF-10975,599.798,7,85.68542857142857,2019-07-14,2022-09-30,7,39.1,0.17902813299232737,91,At-risk
BF-11005,1333.88,4,333.47,2019-09-25,2022-11-21,4,38.4,0.10416666666666667,39,Active
BF-11020,2888.506,8,361.06325,2019-02-15,2022-10-17,8,44.7,0.17897091722595077,74,Active
BF-11080,272.95,3,90.98333333333333,2019-11-28,2022-12-05,3,36.8,0.08152173913043478,25,Active
BF-11170,5907.972,11,537.0883636363636,2019-04-13,2022-12-14,11,44.7,0.24608501118568232,16,Active
BF-11215,1585.162,4,396.2905,2019-11-09,2022-10-26,4,36.1,0.11080332409972299,65,Active
BF-11275,791.99,3,263.99666666666667,2019-03-22,2022-11-03,3,44.1,0.06802721088435373,57,Active
BG-11035,2798.948,8,349.8685,2019-11-05,2022-12-02,8,37.4,0.21390374331550802,28,Active
BG-11695,1874.172,6,312.362,2019-05-11,2022-11-24,6,43.1,0.13921113689095127,36,Active
BG-11740,1006.356,6,167.726,2019-03-23,2022-11-03,6,44.0,0.13636363636363635,57,Active
BH-11710,6255.351,8,781.918875,2019-06-09,2022-12-07,8,42.6,0.18779342723004694,23,Active
BK-11260,659.138,6,109.85633333333334,2019-08-03,2022-10-14,6,38.9,0.15424164524421594,77,Active
BM-11140,11789.63,4,2947.4075,2019-09-08,2022-02-26,4,30.1,0.13289036544850497,307,Lost
BM-11575,808.162,6,134.69366666666667,2020-09-14,2022-09-21,6,24.6,0.24390243902439024,100,At-risk
BM-11650,7294.185,11,663.1077272727273,2019-07-09,2022-11-27,11,41.2,0.2669902912621359,33,Active
BM-11785,1338.842,10,133.88420000000002,2019-06-06,2022-05-26,10,36.2,0.2762430939226519,218,Lost
BN-11470,265.296,4,66.324,2019-09-12,2022-12-06,4,39.4,0.10152284263959391,24,Active
BN-11515,1459.344,5,291.8688,2019-03-17,2022-12-21,5,45.8,0.1091703056768559,9,Active
BO-11350,2682.728,5,536.5456,2021-01-02,2022-08-15,5,19.7,0.25380710659898476,137,At-risk
BO-11425,130.83,2,65.415,2020-09-09,2022-10-16,2,25.6,0.078125,75,Active
BP-11050,983.42,5,196.684,2019-10-12,2022-10-08,5,36.4,0.13736263736263737,83,Active
BP-11095,2442.044,12,203.50366666666665,2019-06-07,2022-12-13,12,42.8,0.28037383177570097,17,Active
BP-11155,1697.861,6,282.97683333333333,2020-06-03,2022-10-02,6,28.4,0.21126760563380284,89,Active
BP-11185,3675.861,9,408.429,2020-03-23,2022-12-29,9,33.7,0.2670623145400593,1,Active
BP-11230,1181.49,5,236.298,2019-04-20,2022-11-21,5,43.7,0.11441647597254004,39,Active
BP-11290,2475.157,7,353.5938571428572,2019-10-03,2022-12-18,7,39.1,0.17902813299232737,12,Active
BS-11365,10501.653,5,2100.3306000000002,2019-05-04,2021-06-20,5,25.9,0.19305019305019305,558,Lost
BS-11380,3887.834,5,777.5668,2019-11-29,2022-12-02,5,36.6,0.13661202185792348,28,Active
BS-11590,2454.928,6,409.1546666666666,2019-01-14,2022-11-25,6,47.0,0.1276595744680851,35,Active
BS-11665,3288.11,3,1096.0366666666666,2019-06-23,2021-05-27,3,23.5,0.1276595744680851,582,Lost
BS-11755,2562.382,7,366.0545714285714,2019-05-18,2022-12-29,7,44.0,0.1590909090909091,1,Active
BS-11800,949.43,2,474.715,2020-09-25,2022-04-09,2,18.7,0.10695187165775401,265,Lost
BT-11305,2567.656,5,513.5312,2019-04-25,2022-01-28,5,33.6,0.1488095238095238,336,Lost
BT-11395,2186.6130000000003,6,364.43550000000005,2019-10-28,2022-03-03,6,28.6,0.2097902097902098,302,Lost
BT-11440,603.876,4,150.969,2019-06-04,2021-06-18,4,24.8,0.16129032258064516,560,Lost
BT-11485,415.19599999999997,2,207.59799999999998,2020-12-26,2021-03-11,2,2.5,0.8,659,Lost
BT-11530,2684.492,5,536.8984,2019-05-21,2022-09-30,5,40.9,0.12224938875305624,91,At-risk
BT-11680,3196.752,7,456.6788571428571,2019-11-28,2022-12-10,7,36.9,0.1897018970189702,20,Active
BV-11245,1523.273,5,304.65459999999996,2020-03-25,2022-01-30,5,22.5,0.2222222222222222,334,Lost
BW-11065,385.516,3,128.50533333333334,2019-05-25,2022-06-01,3,36.8,0.08152173913043478,212,Lost
BW-11110,4750.358,8,593.79475,2020-03-19,2022-08-31,8,29.8,0.2684563758389262,121,At-risk
BW-11200,1738.406,6,289.7343333333333,2019-08-12,2022-06-10,6,34.4,0.1744186046511628,203,Lost
CA-11965,3789.7228,6,631.6204666666666,2019-01-26,2022-09-25,6,44.6,0.13452914798206278,96,At-risk
CA-12055,1679.7240000000002,5,335.94480000000004,2020-09-04,2021-11-24,5,14.9,0.33557046979865773,401,Lost
CA-12265,2648.2872,9,294.25413333333336,2019-03-25,2022-11-04,9,44.0,0.20454545454545456,56,Active
CA-12310,1421.954,4,355.4885,2019-07-19,2022-12-17,4,41.6,0.09615384615384615,13,Active
CA-12775,3041.566,7,434.50942857142854,2019-06-28,2022-09-01,7,38.7,0.1808785529715762,120,At-risk
CB-12025,6076.139,10,607.6139000000001,2019-03-21,2022-11-13,10,44.4,0.22522522522522523,47,Active
CB-12415,1949.2000000000003,8,243.65000000000003,2020-11-04,2022-12-04,8,25.3,0.31620553359683795,26,Active
CB-12535,4246.4555,8,530.8069375,2020-01-02,2022-06-16,8,29.9,0.26755852842809363,197,Lost
CC-12100,1770.945,6,295.15749999999997,2019-12-16,2021-09-29,6,21.8,0.27522935779816515,457,Lost
CC-12145,2471.65,7,353.09285714285716,2019-07-20,2022-09-15,7,38.4,0.18229166666666669,106,At-risk
CC-12220,3913.418,12,326.1181666666667,2019-09-09,2022-12-10,12,39.6,0.30303030303030304,20,Active
CC-12370,12129.072,5,2425.8144,2021-05-23,2022-11-17,5,18.1,0.2762430939226519,43,Active
CC-12430,2870.05,10,287.005,2020-09-05,2022-12-30,10,28.2,0.3546099290780142,0,Active
CC-12475,1659.438,9,184.382,2019-05-16,2022-11-21,9,42.8,0.21028037383177572,39,Active
CC-12550,113.832,3,37.943999999999996,2022-06-15,2022-12-03,3,5.7,0.5263157894736842,27,Active
CC-12610,2540.6310000000003,7,362.9472857142858,2019-08-27,2022-11-26,7,39.6,0.17676767676767677,34,Active
CC-12670,2269.7015,7,324.24307142857145,2019-12-23,2022-12-01,7,35.8,0.19553072625698326,29,Active
CC-12685,2854.1150000000002,4,713.5287500000001,2019-03-22,2020-10-22,4,19.3,0.20725388601036268,799,Lost
CD-11920,2033.9679999999998,5,406.79359999999997,2019-03-24,2022-11-20,5,44.6,0.11210762331838564,40,Active
CD-11980,639.766,3,213.2553333333333,2021-11-24,2022-11-06,3,11.6,0.25862068965517243,54,Active
CD-12280,1205.584,2,602.792,2022-11-05,2022-11-18,2,0.4,5.0,42,Active
CD-12790,1860.732,5,372.14639999999997,2019-02-02,2021-11-26,5,34.3,0.1457725947521866,399,Lost
CG-12040,904.468,6,150.74466666666666,2020-05-31,2022-11-11,6,29.8,0.20134228187919462,49,Active
CG-12520,1148.78,3,382.9266666666667,2020-10-14,2022-01-26,3,15.6,0.19230769230769232,338,Lost
CH-12070,1537.236,3,512.412,2020-06-24,2021-02-07,3,7.6,0.39473684210526316,691,Lost
CJ-11875,16.52,1,16.52,2021-12-30,2021-12-30,1,0.0,inf,365,Lost
CJ-12010,11164.974,8,1395.62175,2021-03-10,2022-06-24,8,15.7,0.5095541401273885,189,Lost
CK-12205,3154.855,13,242.68115384615385,2019-03-11,2022-11-21,13,45.0,0.28888888888888886,39,Active
CK-12325,2945.321,5,589.0642,2019-03-14,2022-09-01,5,42.2,0.11848341232227487,120,At-risk
CK-12595,2372.75,11,215.70454545454547,2019-12-26,2022-11-17,11,35.2,0.3125,43,Active
CK-12760,1582.109,9,175.78988888888887,2019-02-07,2022-10-09,9,44.7,0.20134228187919462,82,Active
CL-11890,1262.0140000000001,4,315.50350000000003,2019-07-26,2022-09-15,4,38.2,0.10471204188481674,106,At-risk
CL-12565,10880.546,12,906.7121666666667,2019-03-04,2022-03-21,12,37.1,0.32345013477088946,284,Lost
CL-12700,2353.586,5,470.71719999999993,2021-04-24,2022-09-16,5,17.0,0.29411764705882354,105,At-risk
CM-11815,1673.8880000000001,6,278.98133333333334,2019-11-14,2022-08-21,6,33.7,0.17804154302670622,131,At-risk
CM-11935,565.392,2,282.696,2020-09-23,2021-01-21,2,4.0,0.5,708,Lost
CM-12115,1661.6100000000001,4,415.40250000000003,2020-03-28,2022-12-22,4,33.3,0.12012012012012013,8,Active
CM-12160,2533.314,6,422.219,2021-10-21,2022-12-04,6,13.6,0.4411764705882353,26,Active
CM-12190,1475.144,6,245.85733333333334,2020-09-17,2022-12-22,6,27.5,0.21818181818181817,8,Active
CM-12235,2305.712,5,461.1424,2021-05-01,2021-12-10,5,7.4,0.6756756756756757,385,Lost
CM-12385,8954.02,4,2238.505,2020-03-15,2022-11-23,4,32.8,0.12195121951219513,37,Active
CM-12445,287.99,3,95.99666666666667,2019-06-09,2021-10-20,3,28.8,0.10416666666666666,436,Lost
CM-12655,6339.5576,6,1056.5929333333333,2020-03-18,2022-12-03,6,33.0,0.18181818181818182,27,Active
CM-12715,3984.4524,4,996.1131,2019-03-07,2020-02-29,4,12.0,0.3333333333333333,1035,Lost
CP-12085,5402.254,8,675.28175,2019-12-04,2022-10-09,8,34.7,0.23054755043227665,82,Active
CP-12340,5888.275,8,736.034375,2019-03-17,2022-07-23,8,40.8,0.19607843137254904,160,At-risk
CR-12580,2148.852,4,537.213,2021-04-18,2022-11-03,4,18.8,0.2127659574468085,57,Active
CR-12625,475.9,3,158.63333333333333,2019-06-01,2021-09-16,3,27.9,0.10752688172043011,470,Lost
CR-12730,1600.55,4,400.1375,2019-08-20,2022-10-13,4,38.3,0.10443864229765014,78,Active
CR-12820,1397.8724,3,465.9574666666667,2020-01-24,2022-10-06,3,32.9,0.0911854103343465,85,Active
CS-11845,1278.954,5,255.7908,2019-12-14,2022-09-30,5,34.0,0.14705882352941177,91,At-risk
CS-11860,537.632,6,89.60533333333332,2019-05-02,2022-07-21,6,39.2,0.1530612244897959,162,At-risk
CS-11950,3036.547,11,276.0497272727273,2019-06-08,2022-12-05,11,42.5,0.25882352941176473,25,Active
CS-12130,884.64,4,221.16,2019-08-05,2021-08-28,4,25.1,0.1593625498007968,489,Lost
CS-12175,844.4580000000001,5,168.8916,2019-08-12,2022-05-12,5,33.5,0.14925373134328357,232,Lost
CS-12250,2754.216,12,229.518,2019-01-13,2022-12-04,12,47.4,0.25316455696202533,26,Active
CS-12355,3202.1620000000003,11,291.1056363636364,2019-08-15,2022-12-24,11,40.9,0.26894865525672373,6,Active
CS-12400,3651.8585000000003,9,405.7620555555556,2019-09-26,2022-12-28,9,39.6,0.22727272727272727,2,Active
CS-12460,550.644,2,275.322,2022-07-03,2022-12-03,2,5.1,0.3921568627450981,27,Active
CS-12490,1077.2285,4,269.307125,2020-01-12,2021-11-01,4,22.0,0.18181818181818182,424,Lost
CS-12505,5690.055,6,948.3425000000001,2019-03-26,2022-11-02,6,43.9,0.1366742596810934,58,Active
CT-11995,3241.898,8,405.23725,2019-05-07,2022-09-25,8,41.2,0.1941747572815534,96,At-risk
CV-12295,2830.628,5,566.1256000000001,2019-03-28,2022-04-20,5,37.3,0.13404825737265416,254,Lost
CV-12805,2370.3136,9,263.36817777777776,2021-05-09,2022-12-25,9,19.8,0.45454545454545453,5,Active
CW-11905,1136.592,6,189.43200000000002,2019-06-09,2022-12-08,6,42.6,0.14084507042253522,22,Active
CY-12745,2900.026,8,362.50325,2019-12-12,2022-10-31,8,35.1,0.22792022792022792,60,Active
Co-12640,1300.076,5,260.0152,2019-06-20,2021-06-29,5,24.7,0.20242914979757085,549,Lost
DA-13450,156.76,4,39.19,2019-04-25,2022-01-12,4,33.1,0.12084592145015105,352,Lost
DB-12910,2171.5989999999997,8,271.44987499999996,2019-10-24,2022-12-09,8,38.1,0.2099737532808399,21,Active
DB-12970,2839.2272000000003,5,567.84544,2019-11-12,2022-05-03,5,30.1,0.16611295681063123,241,Lost
DB-13060,4531.646,7,647.3779999999999,2019-03-01,2022-12-14,7,46.1,0.15184381778741865,16,Active
DB-13120,2973.094,7,424.7277142857143,2020-04-30,2022-11-12,7,30.9,0.22653721682847897,48,Active
DB-13210,2332.5769999999998,10,233.25769999999997,2020-03-21,2022-12-21,10,33.5,0.29850746268656714,9,Active
DB-13270,4655.897,8,581.987125,2019-02-04,2022-11-07,8,45.7,0.175054704595186,53,Active
DB-13360,1081.466,5,216.29319999999998,2019-11-19,2022-04-10,5,29.1,0.1718213058419244,264,Lost
DB-13405,1711.692,4,427.923,2020-08-07,2022-06-26,4,22.9,0.17467248908296945,187,Lost
DB-13555,3908.8028,7,558.4004,2019-04-21,2022-09-14,7,41.4,0.16908212560386474,107,At-risk
DB-13615,1989.05,7,284.15,2019-09-30,2022-11-27,7,38.5,0.18181818181818182,33,Active
DB-13660,1155.202,7,165.02885714285713,2019-06-17,2022-12-18,7,42.7,0.16393442622950818,12,Active
DC-12850,3336.168,9,370.68533333333335,2019-07-05,2022-11-23,9,41.2,0.21844660194174756,37,Active
DC-13285,1174.618,5,234.9236,2019-12-29,2022-12-07,5,35.8,0.13966480446927376,23,Active
DD-13570,269.542,6,44.92366666666666,2019-03-31,2022-11-19,6,44.3,0.13544018058690746,41,Active
DE-13255,2550.874,5,510.17479999999995,2019-08-22,2021-01-10,5,16.9,0.2958579881656805,719,Lost
DF-13135,2390.534,3,796.8446666666667,2019-10-04,2021-01-29,3,16.1,0.18633540372670807,700,Lost
DG-13300,3195.818,5,639.1636000000001,2019-11-01,2022-11-28,5,37.4,0.13368983957219252,32,Active
DH-13075,4932.872,6,822.1453333333334,2019-11-21,2022-03-28,6,28.6,0.2097902097902098,277,Lost
DH-13675,1043.096,4,260.774,2019-08-12,2020-11-14,4,15.3,0.26143790849673204,776,Lost
DJ-13420,2012.52,4,503.13,2019-12-08,2021-04-02,4,16.0,0.25,637,Lost
DJ-13510,2501.688,8,312.711,2019-08-17,2022-11-12,8,39.4,0.20304568527918782,48,Active
DJ-13630,3356.398,3,1118.7993333333334,2020-12-13,2022-12-18,3,24.5,0.12244897959183673,12,Active
DK-12835,3256.48,12,271.37333333333333,2019-03-26,2022-12-09,12,45.1,0.2660753880266075,21,Active
DK-12895,4282.176,5,856.4352000000001,2020-03-07,2022-11-15,5,32.8,0.15243902439024393,45,Active
DK-12985,1687.04,5,337.408,2019-11-24,2022-12-23,5,37.5,0.13333333333333333,7,Active
DK-13090,2650.5570000000002,7,378.651,2020-03-01,2022-11-18,7,33.1,0.21148036253776434,42,Active
DK-13150,797.832,2,398.916,2019-12-05,2022-12-20,2,37.0,0.05405405405405406,10,Active
DK-13225,4802.394,9,533.5993333333333,2019-03-14,2022-12-20,9,45.9,0.19607843137254902,10,Active
DK-13375,3318.486,8,414.81075,2019-09-07,2022-12-11,8,39.7,0.20151133501259444,19,Active
DL-12865,1503.112,8,187.889,2019-06-29,2022-09-21,8,39.3,0.20356234096692113,100,At-risk
DL-12925,3272.2000000000003,6,545.3666666666667,2019-09-09,2022-11-03,6,38.4,0.15625,57,Active
DL-13315,1458.258,8,182.28225,2019-01-16,2022-12-08,8,47.4,0.16877637130801687,22,Active
DL-13330,585.02,4,146.255,2019-06-23,2022-11-03,4,41.0,0.0975609756097561,57,Active
DL-13495,3539.322,8,442.41525,2020-12-24,2022-10-15,8,22.0,0.36363636363636365,76,Active
DM-12955,1322.0339999999999,7,188.862,2019-09-30,2022-09-07,7,35.8,0.19553072625698326,114,At-risk
DM-13015,6345.103,7,906.4432857142857,2019-09-14,2022-11-03,7,38.2,0.18324607329842932,57,Active
DM-13345,4074.4719999999998,8,509.30899999999997,2019-11-03,2022-12-08,8,37.7,0.21220159151193632,22,Active
DM-13525,1376.792,3,458.93066666666664,2019-07-05,2021-09-05,3,26.4,0.11363636363636365,481,Lost
DN-13690,2139.79,7,305.6842857142857,2019-09-20,2022-05-27,7,32.7,0.21406727828746175,217,Lost
DO-13435,1300.0315,9,144.44794444444446,2019-10-03,2022-08-19,9,35.0,0.2571428571428571,133,At-risk
DO-13645,1267.316,7,181.04514285714285,2020-11-06,2022-12-04,7,25.3,0.2766798418972332,26,Active
DP-13000,1050.636,9,116.73733333333332,2019-01-03,2022-08-26,9,44.4,0.20270270270270271,126,At-risk
DP-13105,2215.002,8,276.87525,2020-08-21,2022-12-24,8,28.5,0.2807017543859649,6,Active
DP-13165,1058.616,2,529.308,2019-12-02,2020-10-09,2,10.4,0.1923076923076923,812,Lost
DP-13390,5480.723999999999,9,608.9693333333332,2019-07-05,2022-01-06,9,30.5,0.29508196721311475,358,Lost
DR-12880,6528.034000000001,9,725.3371111111112,2020-09-24,2022-12-27,9,27.5,0.32727272727272727,3,Active
DR-12940,8350.868,8,1043.8585,2019-03-28,2022-11-10,8,44.1,0.18140589569160998,50,Active
DS-13030,1762.213,4,440.55325,2019-07-09,2022-09-28,4,39.2,0.1020408163265306,93,At-risk
DS-13180,2881.8128,9,320.2014222222222,2019-04-28,2022-12-07,9,44.0,0.20454545454545456,23,Active
DV-13045,1119.483,5,223.89659999999998,2021-06-12,2022-12-11,5,18.2,0.27472527472527475,19,Active
DV-13465,3341.587,6,556.9311666666666,2019-06-22,2022-12-01,6,41.9,0.1431980906921241,29,Active
DW-13195,1080.751,6,180.12516666666667,2019-01-18,2022-10-22,6,45.8,0.13100436681222707,69,Active
DW-13480,5271.628,5,1054.3256,2019-06-01,2022-05-27,5,36.4,0.13736263736263737,217,Lost
DW-13540,344.08,5,68.816,2021-02-26,2022-09-23,5,19.1,0.2617801047120419,98,At-risk
DW-13585,1204.854,7,172.122,2019-08-24,2022-05-02,7,32.7,0.21406727828746175,242,Lost
Dl-13600,755.602,5,151.1204,2019-03-30,2022-09-02,5,41.7,0.1199040767386091,119,At-risk
Dp-13240,7198.7609999999995,11,654.4328181818181,2019-05-26,2022-10-07,11,41.0,0.2682926829268293,84,Active
EA-14035,2846.705,13,218.97730769230768,2019-09-13,2022-07-31,13,35.1,0.37037037037037035,152,At-risk
EB-13705,3644.978,9,404.99755555555555,2019-07-08,2022-11-12,9,40.8,0.22058823529411767,48,Active
EB-13750,3236.314,10,323.6314,2020-03-11,2022-11-25,10,33.0,0.30303030303030304,35,Active
EB-13840,4358.128,5,871.6256,2019-05-30,2022-10-01,5,40.7,0.12285012285012284,90,Active
EB-13870,2767.219,10,276.7219,2019-05-05,2022-09-21,10,41.2,0.24271844660194172,100,At-risk
EB-13930,944.6000000000001,5,188.92000000000002,2019-02-02,2022-07-22,5,42.2,0.11848341232227487,161,At-risk
EB-13975,1643.255,4,410.81375,2021-01-03,2022-12-30,4,24.2,0.1652892561983471,0,Active
EB-14110,3071.126,6,511.8543333333334,2020-04-12,2022-09-08,6,29.3,0.20477815699658702,113,At-risk
EB-14170,1186.326,6,197.721,2019-09-29,2022-10-09,6,36.9,0.16260162601626016,82,Active
EC-14050,461.914,5,92.3828,2019-12-17,2022-11-07,5,35.2,0.14204545454545453,53,Active
ED-13885,3484.92,8,435.615,2019-08-09,2022-08-17,8,36.8,0.2173913043478261,135,At-risk
EG-13900,1832.02,5,366.404,2020-11-01,2022-12-08,5,25.6,0.1953125,22,Active
EH-13765,10310.88,12,859.2399999999999,2019-04-12,2022-08-17,12,40.8,0.29411764705882354,135,At-risk
EH-13945,684.1709999999999,8,85.52137499999999,2019-07-02,2022-05-27,8,35.3,0.226628895184136,217,Lost
EH-13990,825.95,6,137.65833333333333,2019-01-15,2021-11-20,6,34.7,0.17291066282420747,405,Lost
EH-14005,1219.53,7,174.21857142857144,2019-05-13,2022-12-28,7,44.2,0.1583710407239819,2,Active
EH-14125,3082.653,10,308.26529999999997,2019-10-19,2022-07-31,10,33.9,0.2949852507374631,152,At-risk
EH-14185,923.884,6,153.98066666666668,2019-05-22,2022-09-16,6,40.4,0.1485148514851485,105,At-risk
EJ-13720,2162.174,4,540.5435,2019-01-27,2022-03-03,4,37.7,0.10610079575596816,302,Lost
EJ-14155,2656.691,5,531.3381999999999,2019-03-03,2022-11-03,5,44.7,0.11185682326621924,57,Active
EK-13795,1303.4779999999998,4,325.86949999999996,2019-03-18,2022-11-16,4,44.6,0.08968609865470852,44,Active
EL-13735,124.28,2,62.14,2021-04-22,2022-10-14,2,18.0,0.1111111111111111,77,Active
EM-13810,2567.0099999999998,5,513.4019999999999,2020-06-06,2022-08-20,5,26.8,0.18656716417910446,132,At-risk
EM-13825,2339.598,8,292.44975,2019-12-02,2022-11-05,8,35.6,0.2247191011235955,55,Active
EM-13960,933.704,5,186.74079999999998,2020-09-30,2022-08-01,5,22.3,0.22421524663677128,151,At-risk
EM-14065,228.99,4,57.2475,2019-07-22,2022-11-13,4,40.3,0.09925558312655088,47,Active
EM-14095,1041.042,4,260.2605,2020-08-06,2022-09-08,4,25.4,0.15748031496062992,113,At-risk
EM-14140,4588.436000000001,6,764.7393333333334,2019-07-19,2022-11-12,6,40.4,0.1485148514851485,48,Active
EM-14200,366.822,3,122.274,2020-12-19,2022-07-25,3,19.4,0.15463917525773196,158,At-risk
EN-13780,2199.366,4,549.8415,2020-05-29,2022-03-18,4,21.9,0.18264840182648404,287,Lost
EP-13915,5478.0608,17,322.23887058823533,2019-07-06,2022-12-18,17,42.0,0.40476190476190477,12,Active
ER-13855,1245.788,3,415.2626666666667,2020-12-20,2021-11-04,3,10.6,0.2830188679245283,421,Lost
ES-14020,3510.458,5,702.0916,2019-09-20,2022-11-20,5,38.6,0.12953367875647667,40,Active
ES-14080,4657.924,9,517.5471111111111,2019-10-02,2022-12-02,9,38.6,0.23316062176165803,28,Active
FA-14230,2984.054,7,426.2934285714286,2019-09-19,2022-09-24,7,36.7,0.19073569482288827,97,At-risk
FC-14245,3418.742,7,488.39171428571433,2020-06-12,2022-10-21,7,28.7,0.24390243902439024,70,Active
FC-14335,3889.366,7,555.6237142857143,2019-10-10,2022-06-29,7,33.1,0.21148036253776434,184,Lost
FG-14260,1383.144,7,197.592,2019-05-21,2022-11-26,7,42.8,0.1635514018691589,34,Active
FH-14275,4256.272,10,425.6272,2019-04-06,2022-11-23,10,44.2,0.2262443438914027,37,Active
FH-14350,2271.284,4,567.821,2020-08-22,2022-06-01,4,21.6,0.18518518518518517,212,Lost
FH-14365,6987.196,8,873.3995,2019-10-20,2022-12-25,8,38.7,0.20671834625322996,5,Active
FM-14215,2456.638,10,245.66379999999998,2019-03-11,2022-12-23,10,46.1,0.21691973969631237,7,Active
FM-14290,3736.198,9,415.1331111111111,2019-08-26,2022-11-24,9,39.5,0.22784810126582278,36,Active
FM-14380,2523.266,9,280.3628888888889,2020-07-11,2022-08-07,9,25.2,0.35714285714285715,145,At-risk
FO-14305,2678.438,10,267.8438,2019-06-09,2022-11-22,10,42.1,0.2375296912114014,38,Active
FP-14320,4046.746,8,505.84325,2019-12-07,2022-12-07,8,36.5,0.2191780821917808,23,Active
FW-14395,79.75,3,26.583333333333332,2020-03-21,2022-01-02,3,21.7,0.1382488479262673,362,Lost
GA-14515,3919.776,8,489.972,2019-05-18,2022-08-03,8,39.1,0.20460358056265984,149,At-risk
GA-14725,1398.382,11,127.12563636363637,2019-02-11,2022-12-25,11,47.1,0.23354564755838642,5,Active
GB-14530,1568.44,11,142.58545454545455,2019-04-28,2022-10-29,11,42.7,0.2576112412177986,62,Active
GB-14575,4716.2880000000005,5,943.2576000000001,2020-06-11,2022-12-17,5,30.6,0.16339869281045752,13,Active
GD-14590,1888.07,4,472.0175,2019-05-05,2022-12-25,4,44.3,0.09029345372460497,5,Active
GG-14650,2224.0,9,247.11111111111111,2019-10-31,2022-11-17,9,37.1,0.2425876010781671,43,Active
GH-14410,2819.467,9,313.2741111111111,2019-07-09,2022-10-16,9,39.8,0.22613065326633167,75,Active
GH-14425,4172.8460000000005,4,1043.2115000000001,2019-06-17,2022-11-10,4,41.4,0.0966183574879227,50,Active
GH-14485,1361.2440000000001,2,680.6220000000001,2020-10-07,2021-12-08,2,14.2,0.14084507042253522,387,Lost
GH-14665,146.9408,2,73.4704,2020-11-16,2022-12-28,2,25.7,0.07782101167315175,2,Active
GK-14620,6497.2699999999995,9,721.9188888888889,2019-06-25,2022-09-09,9,39.1,0.23017902813299232,112,At-risk
GM-14440,3582.8199999999997,7,511.83142857142855,2019-03-21,2022-10-08,7,43.2,0.16203703703703703,83,Active
GM-14455,3078.6240000000003,6,513.104,2019-04-11,2022-12-14,6,44.8,0.13392857142857142,16,Active
GM-14500,1255.6819999999998,10,125.56819999999998,2019-08-09,2022-09-15,10,37.8,0.2645502645502646,106,At-risk
GM-14680,3163.628,6,527.2713333333334,2019-05-10,2022-07-31,6,39.3,0.15267175572519084,152,At-risk
GM-14695,6049.966,3,2016.6553333333334,2019-04-05,2022-09-04,3,41.6,0.07211538461538461,117,At-risk
GP-14740,236.53,2,118.265,2019-04-06,2020-11-25,2,20.0,0.1,765,Lost
GR-14560,1284.38,2,642.19,2019-11-19,2019-11-21,2,0.1,20.0,1135,Lost
GT-14635,9351.212,3,3117.0706666666665,2019-06-06,2022-11-04,3,41.6,0.07211538461538461,56,Active
GT-14710,11820.119999999999,11,1074.5563636363636,2019-05-23,2022-11-24,11,42.7,0.2576112412177986,36,Active
GT-14755,226.436,4,56.609,2020-02-18,2022-11-26,4,33.7,0.11869436201780414,34,Active
GW-14605,2189.0190000000002,7,312.71700000000004,2019-03-01,2022-12-02,7,45.7,0.15317286652078774,28,Active
GZ-14470,4355.150000000001,9,483.9055555555556,2019-08-05,2022-12-23,9,41.2,0.21844660194174756,7,Active
GZ-14545,2454.622,4,613.6555,2019-09-28,2022-07-26,4,34.4,0.11627906976744186,157,At-risk
HA-14905,2163.3,7,309.04285714285714,2019-06-30,2022-10-22,7,40.3,0.17369727047146402,69,Active
HA-14920,2584.158,8,323.01975,2019-10-11,2022-12-10,8,38.5,0.2077922077922078,20,Active
HD-14785,251.36,3,83.78666666666668,2019-05-11,2020-11-21,3,18.7,0.16042780748663102,769,Lost
HE-14800,883.532,4,220.883,2021-01-29,2022-12-18,4,22.9,0.17467248908296945,12,Active
HF-14995,2533.164,7,361.88057142857144,2019-05-26,2022-12-09,7,43.1,0.16241299303944315,21,Active
HG-14845,785.628,5,157.12560000000002,2019-04-29,2022-11-06,5,42.9,0.11655011655011656,54,Active
HG-14965,3247.642,12,270.6368333333333,2019-09-20,2022-12-07,12,39.1,0.3069053708439898,23,Active
HG-15025,3690.284,7,527.1834285714286,2019-10-14,2022-12-24,7,38.9,0.17994858611825193,6,Active
HH-15010,218.668,2,109.334,2019-08-29,2022-10-19,2,38.2,0.05235602094240837,72,Active
HJ-14875,358.1,5,71.62,2020-04-12,2022-08-26,5,28.9,0.17301038062283738,126,At-risk
HK-14890,4877.784,8,609.723,2019-06-10,2022-08-01,8,38.3,0.20887728459530028,151,At-risk
HL-15040,12873.297999999999,6,2145.5496666666663,2019-01-20,2022-11-17,6,46.6,0.12875536480686695,43,Active
HM-14860,8236.7648,10,823.6764800000001,2019-07-21,2022-12-28,10,41.9,0.23866348448687352,2,Active
HM-14980,736.276,4,184.069,2020-10-01,2022-04-27,4,19.1,0.20942408376963348,247,Lost
HP-14815,1990.314,7,284.33057142857143,2019-05-06,2022-11-30,7,43.5,0.16091954022988506,30,Active
HR-14770,1299.288,5,259.8576,2019-03-01,2022-12-17,5,46.2,0.10822510822510822,13,Active
HR-14830,5248.787,7,749.8267142857143,2019-11-24,2022-07-24,7,32.4,0.2160493827160494,159,At-risk
HW-14935,9300.254,8,1162.53175,2020-09-26,2022-09-04,8,23.6,0.3389830508474576,117,At-risk
HZ-14950,886.52,5,177.304,2021-03-14,2022-11-25,5,20.7,0.24154589371980678,35,Active
IG-15085,744.574,4,186.1435,2019-10-18,2022-10-20,4,36.6,0.1092896174863388,71,Active
IL-15100,5040.736,7,720.1051428571428,2019-08-01,2022-08-10,7,36.8,0.19021739130434784,142,At-risk
IM-15055,2872.63,3,957.5433333333334,2019-01-23,2021-11-16,3,34.3,0.08746355685131196,409,Lost
IM-15070,4930.474,7,704.3534285714286,2019-12-19,2021-12-05,7,23.9,0.29288702928870297,390,Lost
JA-15970,6491.026,8,811.37825,2019-09-17,2022-09-29,8,36.9,0.21680216802168023,92,At-risk
JB-15400,1791.605,10,179.1605,2019-09-14,2022-12-23,10,39.9,0.2506265664160401,7,Active
JB-15925,900.552,3,300.184,2019-12-05,2020-12-23,3,12.8,0.234375,737,Lost
JB-16000,644.1188,7,92.01697142857142,2021-01-09,2022-11-17,7,22.6,0.30973451327433627,43,Active
JB-16045,2518.1150000000002,5,503.62300000000005,2020-05-02,2022-12-23,5,32.2,0.15527950310559005,7,Active
JC-15340,71.263,4,17.81575,2019-01-28,2022-09-07,4,43.9,0.09111617312072894,114,At-risk
JC-15385,1058.108,1,1058.108,2022-07-08,2022-07-08,1,0.0,inf,175,At-risk
JC-15775,2772.055,9,308.00611111111107,2019-09-14,2022-07-25,9,34.8,0.25862068965517243,158,At-risk
JC-16105,858.576,5,171.7152,2019-11-18,2022-11-03,5,36.0,0.1388888888888889,57,Active
JD-15790,2152.3520000000003,5,430.47040000000004,2020-04-01,2022-09-04,5,29.5,0.1694915254237288,117,At-risk
JD-15895,7610.8640000000005,11,691.8967272727273,2019-03-26,2021-12-01,11,32.7,0.33639143730886845,394,Lost
JD-16015,385.43,6,64.23833333333333,2019-10-04,2022-09-09,6,35.7,0.1680672268907563,112,At-risk
JD-16060,695.442,3,231.814,2019-09-24,2022-03-05,3,29.8,0.10067114093959731,300,Lost
JD-16150,8828.0305,8,1103.5038125,2019-11-16,2022-11-19,8,36.6,0.2185792349726776,41,Active
JE-15475,1388.682,6,231.447,2020-03-15,2022-06-20,6,27.6,0.21739130434782608,193,Lost
JE-15610,7754.976,7,1107.8537142857142,2019-10-14,2022-11-12,7,37.5,0.18666666666666668,48,Active
JE-15715,8697.842999999999,10,869.7842999999999,2019-08-25,2022-11-14,10,39.2,0.25510204081632654,46,Active
JE-15745,6760.815,13,520.0626923076923,2019-06-22,2022-11-09,13,41.2,0.31553398058252424,51,Active
JE-16165,2697.248,3,899.0826666666667,2021-12-05,2022-12-10,3,12.3,0.24390243902439024,20,Active
JF-15190,2279.5860000000002,7,325.6551428571429,2019-11-15,2022-10-26,7,35.9,0.19498607242339833,65,Active
JF-15295,955.124,5,191.0248,2019-03-14,2022-05-19,5,38.7,0.12919896640826872,225,Lost
JF-15355,1911.844,6,318.6406666666667,2020-10-22,2022-09-16,6,23.1,0.2597402597402597,105,At-risk
JF-15415,2371.448,6,395.24133333333333,2019-06-17,2022-12-28,6,43.0,0.13953488372093023,2,Active
JF-15490,1082.918,11,98.4470909090909,2019-10-19,2022-08-31,11,34.9,0.31518624641833815,121,At-risk
JF-15565,4198.332,8,524.7915,2019-10-11,2022-11-06,8,37.4,0.21390374331550802,54,Active
JG-15115,2358.676,3,786.2253333333333,2019-09-21,2020-12-02,3,14.6,0.20547945205479454,758,Lost
JG-15160,6366.392,11,578.762909090909,2019-05-30,2022-12-29,11,43.6,0.25229357798165136,1,Active
JG-15310,2240.58,6,373.43,2021-03-03,2022-12-28,6,22.2,0.2702702702702703,2,Active
JG-15805,1507.018,6,251.16966666666667,2019-04-05,2022-05-21,6,38.1,0.15748031496062992,223,Lost
JH-15430,309.281,4,77.32025,2019-02-24,2022-12-25,4,46.7,0.08565310492505353,5,Active
JH-15820,528.91,6,88.15166666666666,2019-05-19,2022-07-09,6,38.2,0.15706806282722513,174,At-risk
JH-15910,959.477,7,137.06814285714285,2020-06-11,2022-11-19,7,29.7,0.2356902356902357,41,Active
JH-15985,7954.9980000000005,6,1325.833,2019-08-09,2022-12-01,6,40.3,0.14888337468982632,29,Active
JH-16180,2256.394,4,564.0985,2020-05-24,2021-11-21,4,18.2,0.21978021978021978,404,Lost
JJ-15445,709.178,5,141.8356,2020-03-04,2021-09-03,5,18.3,0.27322404371584696,483,Lost
JJ-15760,195.0,2,97.5,2020-10-04,2020-12-07,2,2.1,0.9523809523809523,753,Lost
JK-15205,4427.142,5,885.4284,2019-07-11,2022-10-30,5,40.2,0.12437810945273631,61,Active
JK-15325,383.812,3,127.93733333333334,2019-11-21,2022-03-18,3,28.3,0.10600706713780919,287,Lost
JK-15370,2709.632,8,338.704,2019-04-11,2022-11-16,8,43.8,0.18264840182648404,44,Active
JK-15625,3760.028,7,537.1468571428571,2019-05-31,2022-10-30,7,41.6,0.16826923076923075,61,Active
JK-15640,4760.433999999999,9,528.937111111111,2019-09-19,2022-07-03,9,33.9,0.26548672566371684,180,At-risk
JK-15730,4867.2,10,486.71999999999997,2019-11-18,2022-10-07,10,35.1,0.2849002849002849,84,Active
JK-16090,3747.668,3,1249.2226666666668,2020-04-20,2022-12-02,3,31.9,0.09404388714733543,28,Active
JK-16120,2932.484,10,293.2484,2019-11-02,2022-09-04,10,34.6,0.2890173410404624,117,At-risk
JL-15130,1214.9560000000001,6,202.49266666666668,2019-07-18,2022-12-22,6,41.8,0.14354066985645933,8,Active
JL-15175,1571.5230000000001,5,314.30460000000005,2019-12-31,2022-12-24,5,36.3,0.13774104683195593,6,Active
JL-15235,2203.7,5,440.73999999999995,2019-05-25,2022-09-02,5,39.9,0.12531328320802004,119,At-risk
JL-15505,3173.874,6,528.9789999999999,2019-11-14,2022-11-11,6,36.4,0.16483516483516483,49,Active
JL-15835,9799.923,11,890.9020909090909,2019-04-18,2022-12-09,11,44.4,0.24774774774774774,21,Active
JL-15850,2725.256,6,454.2093333333333,2019-07-22,2021-04-25,6,21.4,0.28037383177570097,614,Lost
JM-15250,3159.122,6,526.5203333333333,2021-03-29,2022-11-23,6,20.1,0.29850746268656714,37,Active
JM-15265,1804.146,5,360.8292,2019-08-25,2022-11-23,5,39.5,0.12658227848101267,37,Active
JM-15535,1733.443,7,247.6347142857143,2019-09-13,2022-09-19,7,36.7,0.19073569482288827,102,At-risk
JM-15580,303.948,5,60.78959999999999,2021-04-14,2022-12-30,5,20.8,0.24038461538461536,0,Active
JM-15655,864.947,5,172.9894,2019-04-08,2022-12-22,5,45.1,0.11086474501108647,8,Active
JM-15865,7625.076000000001,7,1089.2965714285715,2019-11-19,2022-09-12,7,34.3,0.20408163265306123,109,At-risk
JM-16195,2833.926,10,283.3926,2019-04-30,2022-11-03,10,42.8,0.23364485981308414,57,Active
JO-15145,3254.949,9,361.661,2019-01-06,2022-11-03,9,46.6,0.19313304721030042,57,Active
JO-15280,1934.272,6,322.3786666666667,2019-03-31,2022-09-29,6,42.6,0.14084507042253522,92,At-risk
JO-15550,1090.838,5,218.1676,2020-03-18,2022-05-29,5,26.7,0.18726591760299627,215,Lost
JP-15460,1669.135,7,238.44785714285715,2019-08-24,2022-11-23,7,39.6,0.17676767676767677,37,Active
JP-15520,3635.594,7,519.3705714285715,2019-08-22,2022-12-22,7,40.6,0.17241379310344826,8,Active
JP-16135,1707.71,9,189.74555555555557,2019-09-23,2022-09-19,9,36.4,0.24725274725274726,102,At-risk
JR-15670,1156.658,2,578.329,2020-12-23,2021-05-16,2,4.8,0.4166666666666667,593,Lost
JR-15700,863.88,1,863.88,2022-10-23,2022-10-23,1,0.0,inf,68,Active
JR-16210,2201.686,5,440.33720000000005,2020-09-17,2022-11-27,5,26.7,0.18726591760299627,33,Active
JS-15595,1417.654,4,354.4135,2019-03-03,2022-09-02,4,42.6,0.09389671361502347,119,At-risk
JS-15685,1131.064,4,282.766,2021-06-14,2022-11-18,4,17.4,0.2298850574712644,42,Active
JS-15880,3868.02,5,773.604,2019-04-08,2021-07-14,5,27.6,0.18115942028985507,534,Lost
JS-15940,469.169,5,93.8338,2019-05-03,2021-09-23,5,29.1,0.1718213058419244,463,Lost
JS-16030,2516.494,6,419.4156666666667,2019-02-27,2022-12-02,6,45.8,0.13100436681222707,28,Active
JW-15220,7721.714,6,1286.9523333333334,2020-04-29,2022-11-18,6,31.1,0.19292604501607716,42,Active
JW-15955,1244.086,7,177.72657142857142,2020-08-15,2022-12-25,7,28.7,0.24390243902439024,5,Active
JW-16075,1428.731,4,357.18275,2020-03-20,2021-09-25,4,18.5,0.21621621621621623,461,Lost
KA-16525,1519.506,7,217.07228571428573,2019-03-11,2022-11-24,7,45.1,0.15521064301552107,36,Active
KB-16240,3152.615,7,450.3735714285714,2019-03-31,2022-12-26,7,45.5,0.15384615384615385,4,Active
KB-16315,1569.464,9,174.3848888888889,2019-08-26,2022-03-09,9,30.9,0.29126213592233013,296,Lost
KB-16405,908.821,3,302.94033333333334,2020-11-19,2022-09-04,3,21.8,0.13761467889908258,117,At-risk
KB-16585,2744.742,12,228.72850000000003,2019-04-04,2022-05-14,12,37.9,0.316622691292876,230,Lost
KB-16600,983.922,7,140.56028571428573,2019-12-30,2022-12-29,7,36.5,0.1917808219178082,1,Active
KC-16255,2120.954,6,353.49233333333336,2019-09-08,2021-11-18,6,26.7,0.2247191011235955,407,Lost
KC-16540,3908.2619999999997,4,977.0654999999999,2020-11-01,2022-09-24,4,23.1,0.17316017316017315,97,At-risk
KC-16675,1146.05,4,286.5125,2019-12-13,2022-11-03,4,35.2,0.11363636363636363,57,Active
KD-16270,8282.358,5,1656.4716,2019-11-11,2021-09-02,5,22.0,0.22727272727272727,484,Lost
KD-16345,1888.964,6,314.82733333333334,2019-09-02,2022-11-19,6,39.1,0.1534526854219949,41,Active
KD-16495,8181.256,12,681.7713333333334,2019-09-28,2022-09-09,12,35.9,0.3342618384401114,112,At-risk
KD-16615,2243.51,5,448.70200000000006,2020-09-12,2022-03-16,5,18.3,0.27322404371584696,289,Lost
KE-16420,1686.7312,8,210.8414,2019-04-03,2022-12-04,8,44.7,0.17897091722595077,26,Active
KF-16285,10604.266,7,1514.895142857143,2019-09-26,2022-09-24,7,36.5,0.1917808219178082,97,At-risk
KH-16330,3312.864,8,414.108,2019-04-01,2022-11-20,8,44.3,0.18058690744920994,40,Active
KH-16360,3100.612,6,516.7686666666667,2019-04-29,2022-12-29,6,44.7,0.1342281879194631,1,Active
KH-16510,5952.859,7,850.4084285714287,2019-08-15,2022-12-08,7,40.4,0.17326732673267328,22,Active
KH-16630,3918.966,9,435.44066666666663,2019-11-01,2022-11-02,9,36.6,0.2459016393442623,58,Active
KH-16690,5990.799,7,855.8284285714286,2019-03-21,2022-12-28,7,45.9,0.15250544662309368,2,Active
KL-16555,5016.488,8,627.061,2019-06-15,2022-12-14,8,42.6,0.18779342723004694,16,Active
KL-16645,14175.229,12,1181.2690833333334,2019-07-25,2022-11-13,12,40.2,0.29850746268656714,47,Active
KM-16225,2260.958,6,376.82633333333337,2020-07-05,2022-12-16,6,29.8,0.20134228187919462,14,Active
KM-16375,5620.186,8,702.52325,2019-07-20,2022-11-04,8,40.1,0.199501246882793,56,Active
KM-16660,453.538,5,90.7076,2019-12-22,2022-12-15,5,36.3,0.13774104683195593,15,Active
KM-16720,4909.472,8,613.684,2019-03-30,2022-12-02,8,44.8,0.17857142857142858,28,Active
KN-16390,2617.272,9,290.808,2019-12-02,2022-12-11,9,36.8,0.24456521739130438,19,Active
KN-16450,2171.962,5,434.3924,2019-04-12,2022-11-08,5,43.5,0.11494252873563218,52,Active
KN-16705,2280.58,8,285.0725,2019-03-02,2022-09-23,8,43.4,0.18433179723502305,98,At-risk
KS-16300,88.47200000000001,3,29.49066666666667,2020-01-13,2022-03-10,3,26.2,0.11450381679389313,295,Lost
KT-16465,3057.1,7,436.7285714285714,2019-09-08,2021-12-04,7,27.3,0.2564102564102564,391,Lost
KT-16480,4642.088400000001,10,464.20884000000007,2019-03-10,2022-09-21,10,43.0,0.23255813953488372,100,At-risk
KW-16435,4416.52,5,883.3040000000001,2020-08-23,2022-09-25,5,25.4,0.1968503937007874,96,At-risk
KW-16570,449.096,4,112.274,2019-09-30,2020-11-19,4,13.9,0.28776978417266186,771,Lost
LA-16780,8673.222,11,788.4747272727273,2019-04-29,2022-07-29,11,39.6,0.2777777777777778,154,At-risk
LB-16735,50.188,3,16.729333333333333,2021-07-25,2022-11-12,3,15.8,0.18987341772151897,48,Active
LB-16795,4704.304,8,588.038,2019-04-23,2022-07-31,8,39.8,0.20100502512562815,152,At-risk
LC-16870,2580.7039999999997,8,322.58799999999997,2020-05-02,2022-12-03,8,31.5,0.25396825396825395,27,Active
LC-16885,7663.126,12,638.5938333333334,2019-04-25,2022-12-14,12,44.3,0.2708803611738149,16,Active
LC-16930,4492.946,8,561.61825,2019-02-20,2022-11-19,8,45.6,0.17543859649122806,41,Active
LC-16960,3246.6259999999997,4,811.6564999999999,2020-02-23,2021-10-20,4,20.2,0.19801980198019803,436,Lost
LC-17050,2095.064,5,419.01279999999997,2019-01-31,2022-11-06,5,45.8,0.1091703056768559,54,Active
LC-17140,2633.582,9,292.6202222222222,2019-09-09,2022-12-17,9,39.8,0.22613065326633167,13,Active
LD-16855,5.304,1,5.304,2021-06-26,2021-06-26,1,0.0,inf,552,Lost
LD-17005,1961.934,4,490.4835,2019-09-29,2021-11-11,4,25.8,0.15503875968992248,414,Lost
LE-16810,1469.4499999999998,6,244.9083333333333,2019-05-27,2022-12-09,6,43.1,0.13921113689095127,21,Active
LF-17185,3930.5089999999996,7,561.5012857142857,2019-07-26,2022-12-08,7,41.0,0.17073170731707318,22,Active
LH-16750,287.426,3,95.80866666666667,2019-09-21,2022-08-01,3,34.8,0.08620689655172414,151,At-risk
LH-16900,2295.332,9,255.03688888888888,2019-08-19,2022-12-09,9,40.3,0.22332506203473948,21,Active
LH-17020,318.239,4,79.55975,2019-09-08,2022-05-05,4,32.3,0.12383900928792571,239,Lost
LH-17155,1739.689,9,193.2987777777778,2019-12-12,2021-12-10,9,24.3,0.37037037037037035,385,Lost
LL-16840,2741.2039999999997,6,456.8673333333333,2019-04-29,2022-04-25,6,36.4,0.16483516483516483,249,Lost
LM-17065,1346.774,5,269.35479999999995,2019-06-27,2021-12-04,5,29.7,0.16835016835016836,391,Lost
LO-17170,644.35,5,128.87,2020-02-06,2022-12-28,5,35.2,0.14204545454545453,2,Active
LP-17080,756.606,4,189.1515,2019-06-24,2022-11-20,4,41.5,0.0963855421686747,40,Active
LP-17095,3653.399,7,521.9141428571428,2021-06-06,2022-12-21,7,18.8,0.3723404255319149,9,Active
LR-16915,5142.892,6,857.1486666666666,2019-08-08,2022-12-04,6,40.5,0.14814814814814814,26,Active
LR-17035,1879.306,5,375.8612,2019-09-07,2022-08-20,5,35.9,0.1392757660167131,132,At-risk
LS-16945,2845.27,6,474.21166666666664,2020-04-24,2022-07-05,6,26.7,0.2247191011235955,178,At-risk
LS-16975,2988.674,9,332.0748888888889,2019-10-20,2022-12-10,9,38.2,0.23560209424083767,20,Active
LS-17200,1010.256,6,168.376,2019-10-18,2022-09-25,6,35.8,0.1675977653631285,96,At-risk
LS-17230,368.88,3,122.96,2019-01-06,2020-11-13,3,22.6,0.1327433628318584,777,Lost
LS-17245,1008.136,6,168.02266666666665,2019-10-16,2022-11-26,6,37.9,0.158311345646438,34,Active
LT-16765,329.876,3,109.95866666666666,2019-09-01,2022-12-04,3,39.7,0.07556675062972291,26,Active
LT-17110,2936.252,8,367.0315,2019-06-01,2022-11-26,8,42.5,0.18823529411764706,34,Active
LW-16825,2238.061,5,447.61220000000003,2019-05-30,2022-10-03,5,40.7,0.12285012285012284,88,Active
LW-16990,3230.308,6,538.3846666666667,2021-05-05,2022-11-27,6,19.0,0.3157894736842105,33,Active
LW-17125,1259.04,3,419.68,2019-09-11,2022-06-08,3,33.4,0.08982035928143713,205,Lost
LW-17215,5420.514,7,774.3591428571428,2019-09-12,2022-12-09,7,39.5,0.17721518987341772,21,Active
MA-17560,4299.161,11,390.8328181818182,2019-08-08,2022-10-27,11,39.2,0.28061224489795916,64,Active
MA-17995,2453.284,6,408.8806666666667,2019-09-20,2022-06-27,6,33.7,0.17804154302670622,186,Lost
MB-17305,1548.702,10,154.8702,2019-08-08,2022-11-12,10,39.7,0.2518891687657431,48,Active
MB-18085,1428.231,7,204.033,2019-01-05,2022-11-16,7,47.0,0.14893617021276595,44,Active
MC-17275,2725.982,8,340.74775,2019-09-08,2022-10-15,8,37.8,0.21164021164021166,76,Active
MC-17425,4432.138,5,886.4276,2019-05-30,2021-11-26,5,30.4,0.16447368421052633,399,Lost
MC-17575,1303.893,8,162.986625,2019-12-02,2022-12-03,8,36.6,0.2185792349726776,27,Active
MC-17590,2426.067,6,404.3445,2019-05-20,2022-11-09,6,42.3,0.14184397163120568,51,Active
MC-17605,2258.192,8,282.274,2019-03-19,2022-09-09,8,42.3,0.18912529550827425,112,At-risk
MC-17635,795.154,4,198.7885,2019-11-28,2022-06-24,4,31.3,0.12779552715654952,189,Lost
MC-17845,3805.714,7,543.6734285714285,2019-07-05,2022-12-29,7,42.4,0.16509433962264153,1,Active
MC-18100,2218.98,10,221.898,2019-06-18,2022-11-19,10,41.7,0.2398081534772182,41,Active
MC-18130,1581.998,5,316.3996,2019-09-19,2021-12-26,5,27.6,0.18115942028985507,369,Lost
MD-17350,3766.382,7,538.0545714285714,2019-11-05,2022-09-04,7,34.5,0.2028985507246377,117,At-risk
MD-17860,1204.9099999999999,5,240.98199999999997,2019-12-02,2022-11-24,5,36.3,0.13774104683195593,36,Active
ME-17320,10663.728000000001,10,1066.3728,2019-01-06,2022-11-18,10,47.1,0.21231422505307854,42,Active
ME-17725,1908.4532,8,238.55665,2019-07-12,2022-12-02,8,41.3,0.19370460048426152,28,Active
ME-18010,1256.944,4,314.236,2019-07-21,2022-09-29,4,38.9,0.10282776349614396,92,At-risk
MF-17665,937.039,5,187.4078,2019-12-30,2021-11-04,5,22.5,0.2222222222222222,421,Lost
MF-18250,1758.3,5,351.65999999999997,2019-09-15,2022-12-23,5,39.8,0.1256281407035176,7,Active
MG-17650,3785.276,7,540.7537142857143,2019-08-09,2022-12-01,7,40.3,0.17369727047146402,29,Active
MG-17680,2350.188,4,587.547,2019-10-22,2022-09-29,4,35.8,0.111731843575419,92,At-risk
MG-17695,1342.282,3,447.4273333333333,2019-12-26,2021-06-23,3,18.2,0.16483516483516483,555,Lost
MG-17875,1242.833,5,248.56660000000002,2019-02-23,2022-09-05,5,43.0,0.11627906976744186,116,At-risk
MG-17890,776.384,9,86.26488888888889,2019-12-29,2022-09-22,9,33.3,0.2702702702702703,99,At-risk
MG-18145,3061.543,4,765.38575,2019-03-29,2022-10-07,4,42.9,0.09324009324009325,84,Active
MG-18205,16.739,1,16.739,2022-04-10,2022-04-10,1,0.0,inf,264,Lost
MH-17290,2394.025,6,399.00416666666666,2019-04-26,2022-09-02,6,40.8,0.14705882352941177,119,At-risk
MH-17440,400.01599999999996,4,100.00399999999999,2019-02-04,2021-12-19,4,35.0,0.11428571428571428,376,Lost
MH-17455,2456.1820000000002,8,307.02275000000003,2019-07-11,2022-10-06,8,39.4,0.20304568527918782,85,Active
MH-17620,1252.8,4,313.2,2020-12-04,2022-07-28,4,20.0,0.2,155,At-risk
MH-17785,2203.778,7,314.8254285714285,2019-05-27,2022-09-23,7,40.5,0.1728395061728395,98,At-risk
MH-18025,2984.948,5,596.9896,2019-07-08,2022-11-11,5,40.7,0.12285012285012284,49,Active
MH-18115,5503.093,9,611.4547777777777,2021-08-23,2022-12-25,9,16.3,0.5521472392638036,5,Active
MJ-17740,6320.746,7,902.9637142857143,2020-06-08,2022-12-08,7,30.4,0.23026315789473686,22,Active
MK-17905,2302.368,8,287.796,2019-11-18,2022-12-02,8,37.0,0.21621621621621623,28,Active
MK-18160,1031.602,4,257.9005,2019-12-19,2022-05-04,4,28.9,0.1384083044982699,240,Lost
ML-17395,2722.843,9,302.5381111111111,2019-02-14,2022-10-22,9,44.9,0.200445434298441,69,Active
ML-17410,2921.5,6,486.9166666666667,2019-11-14,2022-11-06,6,36.3,0.1652892561983471,54,Active
ML-17755,2071.914,7,295.98771428571433,2021-08-04,2022-12-01,7,16.1,0.43478260869565216,29,Active
ML-18040,742.082,3,247.36066666666667,2022-03-26,2022-10-12,3,6.7,0.44776119402985076,79,Active
ML-18265,162.23200000000003,2,81.11600000000001,2020-05-30,2022-09-21,2,28.1,0.07117437722419928,100,At-risk
MM-17260,1314.0230000000001,4,328.50575000000003,2019-05-28,2022-07-15,4,38.1,0.10498687664041995,168,At-risk
MM-17920,3794.08,11,344.91636363636366,2019-01-13,2022-12-23,11,48.0,0.22916666666666666,7,Active
MM-18055,2749.881,8,343.735125,2019-04-11,2022-10-30,8,43.3,0.18475750577367206,61,Active
MM-18280,775.414,9,86.1571111111111,2019-01-20,2022-10-06,9,45.2,0.1991150442477876,85,Active
MN-17935,2477.946,6,412.991,2019-02-16,2022-11-26,6,46.0,0.13043478260869565,34,Active
MO-17500,922.4870000000001,4,230.62175000000002,2019-11-28,2022-10-19,4,35.2,0.11363636363636363,72,Active
MO-17800,1687.027,8,210.878375,2020-09-16,2022-09-17,8,24.4,0.3278688524590164,104,At-risk
MO-17950,154.288,2,77.144,2020-04-01,2022-07-03,2,27.4,0.07299270072992702,180,At-risk
MP-17470,3206.132,7,458.01885714285714,2019-03-30,2021-01-10,7,21.7,0.3225806451612903,719,Lost
MP-17965,3983.6420000000003,9,442.6268888888889,2020-04-17,2022-10-19,9,30.5,0.29508196721311475,72,Active
MP-18175,5087.92,9,565.3244444444445,2019-03-28,2022-12-14,9,45.2,0.1991150442477876,16,Active
MR-17545,639.178,4,159.7945,2019-09-03,2022-08-27,4,36.3,0.11019283746556474,125,At-risk
MS-17365,7443.69,10,744.3689999999999,2019-09-09,2022-04-01,10,31.2,0.32051282051282054,273,Lost
MS-17530,475.65599999999995,4,118.91399999999999,2019-11-04,2021-10-22,4,23.9,0.1673640167364017,434,Lost
MS-17710,1613.402,6,268.9003333333333,2019-03-24,2021-11-12,6,32.1,0.18691588785046728,413,Lost
MS-17770,3144.678,9,349.40866666666665,2019-07-04,2022-08-31,9,38.5,0.23376623376623376,121,At-risk
MS-17830,370.348,4,92.587,2019-01-09,2021-10-04,4,33.3,0.12012012012012013,452,Lost
MS-17980,855.116,6,142.51933333333332,2019-06-30,2022-12-04,6,41.8,0.14354066985645933,26,Active
MT-17815,2890.1389999999997,6,481.6898333333333,2020-11-05,2022-11-11,6,24.5,0.24489795918367346,49,Active
MT-18070,1319.4497999999999,4,329.86244999999997,2019-09-25,2022-06-10,4,33.0,0.12121212121212122,203,Lost
MV-17485,1560.05,9,173.33888888888887,2019-01-20,2022-12-03,9,47.1,0.19108280254777069,27,Active
MV-18190,1734.574,7,247.79628571428572,2019-01-30,2022-12-11,7,47.0,0.14893617021276595,19,Active
MW-18220,5341.900000000001,7,763.1285714285715,2019-08-25,2022-12-13,7,40.2,0.17412935323383083,17,Active
MW-18235,5253.876,2,2626.938,2019-05-21,2022-11-16,2,42.5,0.047058823529411764,44,Active
MY-17380,2254.285,7,322.0407142857143,2020-10-25,2022-12-01,7,25.6,0.2734375,29,Active
MY-18295,4152.696,11,377.5178181818182,2019-04-28,2022-10-20,11,42.4,0.25943396226415094,71,Active
MZ-17335,593.606,4,148.4015,2020-11-07,2022-11-30,4,25.1,0.1593625498007968,30,Active
MZ-17515,2564.906,6,427.4843333333333,2019-04-04,2022-03-23,6,36.1,0.16620498614958448,282,Lost
NB-18580,273.87199999999996,2,136.93599999999998,2019-09-26,2019-10-22,2,0.9,2.2222222222222223,1165,Lost
NB-18655,1972.599,9,219.17766666666665,2019-12-05,2022-12-11,9,36.7,0.24523160762942778,19,Active
NC-18340,2461.404,5,492.2808,2019-03-30,2022-05-20,5,38.2,0.13089005235602094,224,Lost
NC-18415,2218.9900000000002,6,369.8316666666667,2019-05-03,2022-11-19,6,43.2,0.13888888888888887,41,Active
NC-18535,8241.739,7,1177.3912857142857,2019-07-23,2022-12-24,7,41.7,0.16786570743405274,6,Active
NC-18625,1821.7420000000002,5,364.3484,2019-10-29,2022-06-09,5,31.8,0.15723270440251572,204,Lost
ND-18370,4326.139,9,480.6821111111111,2019-01-13,2022-12-03,9,47.3,0.19027484143763215,27,Active
ND-18460,2893.455,6,482.2425,2019-02-06,2022-06-30,6,41.3,0.14527845036319614,183,Lost
NF-18385,8322.826,7,1188.9751428571428,2019-02-11,2022-10-12,7,44.6,0.1569506726457399,79,Active
NF-18475,377.162,4,94.2905,2019-03-14,2021-07-23,4,28.7,0.13937282229965156,525,Lost
NF-18595,2031.472,7,290.2102857142857,2019-04-19,2022-09-07,7,41.2,0.1699029126213592,114,At-risk
NG-18355,1869.58,5,373.916,2019-11-24,2022-11-12,5,36.1,0.13850415512465372,48,Active
NG-18430,1395.938,5,279.18760000000003,2019-11-24,2022-11-12,5,36.1,0.13850415512465372,48,Active
NH-18610,2673.29,7,381.8985714285714,2019-03-02,2022-06-24,7,40.3,0.17369727047146402,189,Lost
NK-18490,572.048,7,81.72114285714285,2020-05-27,2022-10-21,7,29.2,0.2397260273972603,70,Active
NL-18310,1418.09,4,354.5225,2019-10-31,2022-11-02,4,36.6,0.1092896174863388,58,Active
NM-18445,6459.344,7,922.7634285714286,2019-02-08,2022-07-23,7,42.0,0.16666666666666666,160,At-risk
NM-18520,2161.9790000000003,10,216.19790000000003,2020-09-07,2022-04-30,10,20.0,0.5,244,Lost
NP-18325,5529.62,6,921.6033333333334,2019-05-13,2022-12-05,6,43.4,0.1382488479262673,25,Active
NP-18670,3908.402,5,781.6804,2020-02-27,2022-11-02,5,32.6,0.15337423312883436,58,Active
NP-18685,1228.698,6,204.78300000000002,2019-03-07,2021-11-19,6,32.9,0.182370820668693,406,Lost
NP-18700,7903.1825,7,1129.0260714285714,2019-09-05,2022-08-14,7,35.8,0.19553072625698326,138,At-risk
NR-18550,2367.277,5,473.4554,2019-06-07,2022-06-03,5,36.4,0.13736263736263737,210,Lost
NS-18505,2575.8630000000003,4,643.9657500000001,2021-11-24,2022-12-24,4,13.2,0.30303030303030304,6,Active
NS-18640,2964.823,13,228.0633076923077,2019-06-25,2022-07-09,13,37.0,0.35135135135135137,174,At-risk
NW-18400,7234.014,7,1033.4305714285715,2019-06-21,2022-07-11,7,37.2,0.1881720430107527,172,At-risk
NZ-18565,2488.31,9,276.4788888888889,2019-08-02,2022-10-06,9,38.7,0.23255813953488372,85,Active
ON-18715,1567.52,9,174.1688888888889,2019-09-13,2021-11-15,9,26.5,0.33962264150943394,410,Lost
OT-18730,3818.6240000000003,5,763.7248000000001,2020-04-19,2022-10-26,5,30.7,0.16286644951140067,65,Active
PA-19060,729.408,6,121.568,2019-05-17,2022-09-18,6,40.7,0.14742014742014742,103,At-risk
PB-18805,740.356,3,246.78533333333334,2020-11-19,2022-12-05,3,24.9,0.12048192771084339,25,Active
PB-19105,688.324,4,172.081,2019-11-15,2022-11-03,4,36.1,0.11080332409972299,57,Active
PB-19150,1456.95,8,182.11875,2019-07-14,2022-09-24,8,38.9,0.20565552699228792,97,At-risk
PB-19210,132.738,2,66.369,2019-11-23,2021-02-10,2,14.8,0.13513513513513511,688,Lost
PC-18745,1832.064,4,458.016,2019-12-31,2022-12-28,4,36.4,0.10989010989010989,2,Active
PC-19000,1061.488,2,530.744,2019-04-08,2020-07-31,2,16.0,0.125,882,Lost
PF-19120,9062.864,4,2265.716,2019-05-05,2020-09-16,4,16.7,0.23952095808383234,835,Lost
PF-19165,2770.0,6,461.6666666666667,2019-09-20,2022-06-17,6,33.4,0.17964071856287425,196,Lost
PF-19225,2206.128,5,441.22560000000004,2021-06-26,2022-09-07,5,14.6,0.3424657534246575,114,At-risk
PG-18820,3086.9069999999997,13,237.45438461538458,2019-05-09,2022-11-24,13,43.2,0.30092592592592593,36,Active
PG-18895,1987.164,9,220.796,2019-05-11,2022-11-03,9,42.4,0.21226415094339623,57,Active
PH-18790,729.648,1,729.648,2022-10-21,2022-10-21,1,0.0,inf,70,Active
PJ-18835,1220.0900000000001,8,152.51125000000002,2019-05-28,2022-11-21,8,42.4,0.18867924528301888,39,Active
PJ-19015,1824.2340000000002,7,260.60485714285716,2019-04-07,2022-08-18,7,41.0,0.17073170731707318,134,At-risk
PK-18910,1441.152,2,720.576,2019-04-04,2021-09-03,2,29.4,0.06802721088435375,483,Lost
PK-19075,8646.934,12,720.5778333333333,2019-11-11,2022-12-21,12,37.9,0.316622691292876,9,Active
PL-18925,239.481,5,47.8962,2019-11-01,2022-12-15,5,38.0,0.13157894736842105,15,Active
PM-18940,1405.402,3,468.46733333333333,2019-05-04,2021-12-09,3,31.7,0.09463722397476342,386,Lost
PM-19135,4115.662,4,1028.9155,2020-12-18,2022-11-09,4,23.0,0.17391304347826086,51,Active
PN-18775,1467.152,8,183.394,2020-08-06,2022-11-30,8,28.2,0.28368794326241137,30,Active
PO-18850,7473.8282,11,679.4389272727273,2019-11-02,2022-12-26,11,38.3,0.2872062663185379,4,Active
PO-18865,2493.214,7,356.1734285714286,2019-03-23,2022-12-30,7,45.9,0.15250544662309368,0,Active
PO-19180,4893.043,9,543.6714444444444,2020-08-10,2022-07-23,9,23.7,0.379746835443038,160,At-risk
PO-19195,1056.858,5,211.3716,2019-01-04,2022-10-05,5,45.7,0.10940919037199125,86,Active
PP-18955,7252.608,10,725.2608,2019-08-26,2022-09-24,10,37.5,0.26666666666666666,97,At-risk
PR-18880,1840.178,5,368.03560000000004,2019-09-05,2022-11-24,5,39.2,0.12755102040816327,36,Active
PS-18760,2181.479,6,363.5798333333333,2019-06-15,2022-09-14,6,39.6,0.15151515151515152,107,At-risk
PS-18970,1278.639,8,159.829875,2019-04-15,2022-10-22,8,42.9,0.1864801864801865,69,Active
PS-19045,6843.634,7,977.662,2019-12-20,2022-05-08,7,29.0,0.2413793103448276,236,Lost
PT-19090,160.572,4,40.143,2019-09-12,2022-10-20,4,37.8,0.10582010582010583,71,Active
PV-18985,2876.0460000000003,5,575.2092,2019-07-12,2022-10-02,5,39.3,0.1272264631043257,89,Active
PW-19030,3454.916,10,345.4916,2019-05-16,2022-11-14,10,42.6,0.2347417840375587,46,Active
PW-19240,3922.415,7,560.345,2019-11-18,2021-09-22,7,22.5,0.3111111111111111,464,Lost
QJ-19255,6108.338,9,678.7042222222221,2019-03-17,2022-12-05,9,45.3,0.19867549668874174,25,Active
RA-19285,2617.906,9,290.8784444444444,2019-12-13,2022-12-25,9,36.9,0.24390243902439027,5,Active
RA-19885,3832.3140000000003,7,547.4734285714286,2019-04-08,2022-11-17,7,44.0,0.1590909090909091,43,Active
RA-19915,4793.543,9,532.6158888888889,2019-06-30,2022-12-18,9,42.2,0.21327014218009477,12,Active
RA-19945,1686.9225000000001,5,337.3845,2019-08-29,2022-10-30,5,38.6,0.12953367875647667,61,Active
RB-19330,1008.1959999999999,2,504.09799999999996,2019-11-17,2022-10-23,2,35.7,0.05602240896358543,68,Active
RB-19360,15117.338999999998,6,2519.5564999999997,2021-04-01,2022-09-25,6,18.1,0.3314917127071823,96,At-risk
RB-19435,2663.0860000000002,8,332.88575000000003,2019-03-11,2022-12-11,8,45.7,0.175054704595186,19,Active
RB-19465,4715.466,12,392.95550000000003,2019-03-14,2022-12-21,12,45.9,0.26143790849673204,9,Active
RB-19570,528.5459999999999,5,105.70919999999998,2021-04-28,2022-12-05,5,19.5,0.2564102564102564,25,Active
RB-19645,221.084,5,44.2168,2019-08-23,2021-03-22,5,19.2,0.2604166666666667,648,Lost
RB-19705,2067.45,4,516.8625,2020-08-21,2022-11-06,4,26.9,0.14869888475836432,54,Active
RB-19795,5633.316,8,704.1645,2019-06-03,2022-11-28,8,42.5,0.18823529411764706,32,Active
RC-19825,966.409,6,161.06816666666666,2019-12-05,2021-12-26,6,25.1,0.2390438247011952,369,Lost
RC-19960,885.7520000000001,6,147.62533333333334,2019-08-25,2022-09-11,6,37.1,0.16172506738544473,110,At-risk
RD-19480,4272.93,8,534.11625,2019-06-08,2022-10-19,8,41.0,0.1951219512195122,72,Active
RD-19585,2912.894,10,291.2894,2019-04-02,2022-07-03,10,39.6,0.25252525252525254,180,At-risk
RD-19660,2786.632,5,557.3264,2020-04-11,2022-09-07,5,29.3,0.1706484641638225,114,At-risk
RD-19720,1419.737,10,141.9737,2019-07-20,2022-12-09,10,41.3,0.2421307506053269,21,Active
RD-19810,1137.616,8,142.202,2019-10-27,2022-12-16,8,38.2,0.20942408376963348,14,Active
RD-19900,3133.924,9,348.21377777777775,2019-04-05,2022-09-07,9,41.7,0.2158273381294964,114,At-risk
RD-19930,970.942,4,242.7355,2019-10-03,2022-11-18,4,38.1,0.10498687664041995,42,Active
RE-19405,48.36,1,48.36,2019-12-29,2019-12-29,1,0.0,inf,1097,Lost
RE-19450,876.696,5,175.3392,2019-06-03,2022-03-03,5,33.5,0.14925373134328357,302,Lost
RF-19345,3309.15,8,413.64375,2019-05-20,2021-12-05,8,31.0,0.25806451612903225,390,Lost
RF-19735,2341.2960000000003,7,334.4708571428572,2019-08-06,2022-10-02,7,38.4,0.18229166666666669,89,Active
RF-19840,945.222,8,118.15275,2019-11-12,2022-12-24,8,37.9,0.21108179419525067,6,Active
RH-19495,3621.376,5,724.2752,2019-08-23,2022-11-28,5,39.8,0.1256281407035176,32,Active
RH-19510,6979.18,6,1163.1966666666667,2019-11-16,2021-09-19,6,22.4,0.26785714285714285,467,Lost
RH-19555,740.382,2,370.191,2020-12-03,2021-07-29,2,7.9,0.2531645569620253,519,Lost
RH-19600,2085.7400000000002,3,695.2466666666668,2020-07-01,2021-07-14,3,12.6,0.2380952380952381,534,Lost
RK-19300,1460.192,3,486.73066666666665,2020-07-19,2022-09-02,3,25.8,0.11627906976744186,119,At-risk
RL-19615,6234.91,8,779.36375,2019-12-05,2022-08-31,8,33.3,0.24024024024024027,121,At-risk
RM-19375,1453.474,6,242.24566666666666,2019-05-11,2022-01-19,6,32.8,0.1829268292682927,345,Lost
RM-19675,5979.096,5,1195.8192,2019-11-14,2022-12-24,5,37.9,0.13192612137203166,6,Active
RM-19750,98.35,1,98.35,2022-03-06,2022-03-06,1,0.0,inf,299,Lost
RO-19780,3815.478,7,545.0682857142857,2020-05-11,2022-11-25,7,30.9,0.22653721682847897,35,Active
RP-19270,954.6451999999999,4,238.66129999999998,2019-10-19,2021-08-21,4,22.4,0.17857142857142858,496,Lost
RP-19390,5153.084,12,429.42366666666663,2019-05-24,2022-11-27,12,42.8,0.28037383177570097,33,Active
RP-19855,2170.716,8,271.3395,2019-04-05,2022-12-02,8,44.6,0.17937219730941703,28,Active
RR-19315,615.932,2,307.966,2021-11-14,2022-12-11,2,13.1,0.15267175572519084,19,Active
RR-19525,3302.2619999999997,6,550.377,2019-09-09,2022-07-13,6,34.6,0.17341040462427745,170,At-risk
RS-19420,3221.29,5,644.258,2019-08-05,2022-10-15,5,38.9,0.12853470437017994,76,Active
RS-19765,4159.77,8,519.97125,2019-04-07,2022-11-24,8,44.2,0.18099547511312217,36,Active
RS-19870,22.328,2,11.164,2021-06-07,2022-12-11,2,18.4,0.10869565217391305,19,Active
RW-19540,7397.401,7,1056.7715714285714,2020-02-03,2022-09-01,7,31.4,0.2229299363057325,120,At-risk
RW-19630,3279.746,9,364.41622222222225,2019-06-28,2022-10-02,9,39.7,0.22670025188916876,89,Active
RW-19690,3495.646,5,699.1292000000001,2021-05-30,2022-10-12,5,16.7,0.29940119760479045,79,Active
SA-20830,4767.3415,10,476.73415000000006,2019-02-22,2022-10-28,10,44.8,0.22321428571428573,63,Active
SB-20170,1348.02,3,449.34,2019-06-06,2022-06-12,3,36.7,0.08174386920980926,201,Lost
SB-20185,6410.996,6,1068.4993333333334,2019-09-20,2022-06-25,6,33.6,0.17857142857142858,188,Lost
SB-20290,8057.891,7,1151.1272857142856,2019-05-09,2022-11-13,7,42.8,0.1635514018691589,47,Active
SC-20020,3362.9636,5,672.59272,2019-03-03,2020-11-09,5,20.6,0.24271844660194172,781,Lost
SC-20050,4624.572,9,513.8413333333333,2019-03-18,2022-11-20,9,44.8,0.20089285714285715,40,Active
SC-20095,14142.334,9,1571.3704444444445,2019-02-12,2022-01-15,9,35.6,0.25280898876404495,349,Lost
SC-20230,4371.9580000000005,4,1092.9895000000001,2021-06-06,2022-08-03,4,14.1,0.28368794326241137,149,At-risk
SC-20260,3729.7929999999997,8,466.22412499999996,2019-04-06,2022-06-26,8,39.2,0.2040816326530612,187,Lost
SC-20305,3979.065,7,568.4378571428572,2019-12-16,2022-12-01,7,36.0,0.19444444444444445,29,Active
SC-20380,5992.536,9,665.8373333333334,2019-03-01,2022-11-30,9,45.7,0.19693654266958424,30,Active
SC-20440,1874.998,7,267.85685714285717,2020-08-16,2022-11-24,7,27.7,0.2527075812274368,36,Active
SC-20575,902.7280000000001,5,180.5456,2019-06-16,2022-09-29,5,40.0,0.125,92,At-risk
SC-20680,1254.64,6,209.10666666666668,2019-11-21,2022-08-26,6,33.6,0.17857142857142858,126,At-risk
SC-20695,2576.408,10,257.6408,2019-12-16,2022-10-02,10,34.0,0.29411764705882354,89,Active
SC-20725,5226.21,11,475.11,2019-06-03,2022-06-26,11,37.3,0.29490616621983917,187,Lost
SC-20770,4492.657,7,641.8081428571429,2020-06-19,2022-11-19,7,29.4,0.2380952380952381,41,Active
SC-20800,279.25600000000003,4,69.81400000000001,2020-12-10,2022-11-30,4,24.0,0.16666666666666666,30,Active
SC-20845,280.632,2,140.316,2021-11-11,2022-08-21,2,9.4,0.2127659574468085,131,At-risk
SD-20485,6121.114,9,680.1237777777777,2019-01-26,2022-06-13,9,41.1,0.218978102189781,200,Lost
SE-20110,12209.438,11,1109.9489090909092,2019-04-11,2022-12-21,11,45.0,0.24444444444444444,9,Active
SF-20065,763.546,7,109.078,2019-09-10,2022-11-01,7,38.3,0.18276762402088775,59,Active
SF-20200,3422.786,9,380.30955555555556,2019-12-23,2022-11-01,9,34.8,0.25862068965517243,59,Active
SF-20965,3336.535,9,370.7261111111111,2019-10-21,2022-11-12,9,37.3,0.2412868632707775,48,Active
SG-20080,3406.581,3,1135.527,2020-10-30,2022-12-22,3,26.1,0.11494252873563218,8,Active
SG-20470,1884.7980000000002,8,235.59975000000003,2019-07-26,2022-06-30,8,35.7,0.22408963585434172,183,Lost
SG-20605,3124.8320000000003,6,520.8053333333334,2019-01-23,2022-09-13,6,44.3,0.13544018058690746,108,At-risk
SG-20890,47.946,3,15.982,2019-03-30,2022-05-18,3,38.2,0.07853403141361257,226,Lost
SH-19975,3406.8395,13,262.0645769230769,2019-12-10,2022-12-01,13,36.2,0.3591160220994475,29,Active
SH-20395,2180.718,10,218.0718,2019-11-02,2022-12-07,10,37.7,0.2652519893899204,23,Active
SH-20635,2096.392,2,1048.196,2019-12-16,2020-11-25,2,11.5,0.17391304347826086,765,Lost
SJ-20125,3949.656,12,329.138,2020-09-21,2022-09-26,12,24.5,0.4897959183673469,95,At-risk
SJ-20215,1341.036,6,223.506,2020-02-09,2022-12-01,6,34.2,0.17543859649122806,29,Active
SJ-20500,1318.7759999999998,5,263.75519999999995,2019-08-31,2022-04-21,5,32.1,0.1557632398753894,253,Lost
SK-19990,883.409,3,294.4696666666667,2021-11-28,2022-12-22,3,13.0,0.23076923076923078,8,Active
SL-20155,3053.012,7,436.14457142857145,2019-09-21,2022-10-21,7,37.5,0.18666666666666668,70,Active
SM-20005,244.49399999999997,4,61.12349999999999,2019-11-23,2021-11-04,4,23.7,0.16877637130801687,421,Lost
SM-20320,25043.05,5,5008.61,2019-03-18,2022-10-12,5,43.5,0.11494252873563218,79,Active
SM-20905,1043.041,1,1043.041,2021-05-03,2021-05-03,1,0.0,inf,606,Lost
SM-20950,5563.392,12,463.616,2019-09-29,2022-12-05,12,38.8,0.30927835051546393,25,Active
SN-20560,1860.4180000000001,6,310.0696666666667,2020-06-17,2022-09-10,6,27.2,0.22058823529411764,111,At-risk
SN-20710,3127.9592,7,446.85131428571424,2019-05-06,2022-10-12,7,41.8,0.1674641148325359,79,Active
SO-20335,2602.5755,6,433.76258333333334,2020-10-10,2022-12-01,6,26.1,0.22988505747126436,29,Active
SP-20545,1306.086,6,217.681,2019-10-13,2022-02-06,6,28.2,0.2127659574468085,327,Lost
SP-20620,5440.3189999999995,9,604.4798888888888,2019-09-08,2022-11-13,9,38.7,0.23255813953488372,47,Active
SP-20650,1872.4360000000001,9,208.04844444444447,2019-04-16,2021-12-09,9,32.3,0.2786377708978328,386,Lost
SP-20860,4282.94,10,428.294,2019-12-15,2022-10-12,10,34.4,0.29069767441860467,79,Active
SP-20920,3990.689,6,665.1148333333333,2019-11-22,2022-10-21,6,35.5,0.16901408450704225,70,Active
SR-20425,3233.481,5,646.6962000000001,2019-06-14,2022-12-22,5,42.9,0.11655011655011656,8,Active
SR-20740,4345.886,8,543.23575,2019-02-20,2022-06-17,8,40.4,0.19801980198019803,196,Lost
SS-20140,1324.028,8,165.5035,2019-11-23,2022-12-15,8,37.3,0.21447721179624665,15,Active
SS-20410,3056.807,6,509.4678333333333,2019-05-30,2022-09-11,6,40.0,0.15,110,At-risk
SS-20515,613.4,3,204.46666666666667,2019-07-14,2021-08-26,3,25.8,0.11627906976744186,491,Lost
SS-20590,418.49,6,69.74833333333333,2019-08-05,2021-10-24,6,27.0,0.2222222222222222,432,Lost
SS-20875,964.636,5,192.9272,2019-12-14,2022-09-01,5,33.1,0.1510574018126888,120,At-risk
ST-20530,433.34,7,61.90571428571428,2019-02-14,2022-08-27,7,43.0,0.16279069767441862,125,At-risk
SU-20665,2595.364,7,370.76628571428574,2020-12-04,2022-12-10,7,24.5,0.2857142857142857,20,Active
SV-20365,11470.95,10,1147.095,2019-01-11,2022-09-20,10,44.9,0.22271714922049,101,At-risk
SV-20785,4105.305,9,456.14500000000004,2019-04-12,2022-02-13,9,34.6,0.26011560693641617,320,Lost
SV-20815,1271.0900000000001,4,317.77250000000004,2020-05-03,2022-10-15,4,29.8,0.1342281879194631,76,Active
SV-20935,1903.491,8,237.936375,2021-03-19,2022-12-28,8,21.6,0.37037037037037035,2,Active
SW-20245,1085.078,7,155.01114285714286,2019-07-20,2022-10-10,7,39.3,0.178117048346056,81,Active
SW-20275,1966.65,6,327.77500000000003,2019-03-10,2022-11-30,6,45.4,0.13215859030837004,30,Active
SW-20350,1019.044,3,339.6813333333333,2021-04-09,2022-07-21,3,15.6,0.19230769230769232,162,At-risk
SW-20455,2921.544,7,417.3634285714285,2020-06-21,2022-07-21,7,25.3,0.2766798418972332,162,At-risk
SW-20755,758.696,2,379.348,2019-11-02,2021-07-14,2,20.7,0.0966183574879227,534,Lost
SZ-20035,3625.329,11,329.57536363636365,2019-09-07,2022-11-25,11,39.2,0.28061224489795916,35,Active
TA-21385,14595.62,4,3648.905,2019-09-12,2022-10-22,4,37.9,0.10554089709762533,69,Active
TB-21055,1467.881,5,293.57620000000003,2021-06-17,2022-09-02,5,14.7,0.3401360544217687,119,At-risk
TB-21175,3589.2959999999994,4,897.3239999999998,2019-12-08,2022-11-02,4,35.3,0.113314447592068,58,Active
TB-21190,816.1740000000001,4,204.04350000000002,2019-12-27,2022-11-11,4,35.0,0.11428571428571428,49,Active
TB-21250,1602.376,7,228.91085714285714,2019-12-08,2022-01-15,7,25.6,0.2734375,349,Lost
TB-21280,2198.45,6,366.4083333333333,2019-06-21,2021-05-26,6,23.5,0.2553191489361702,583,Lost
TB-21355,834.328,5,166.8656,2021-01-24,2022-08-06,5,18.6,0.26881720430107525,146,At-risk
TB-21400,9133.99,7,1304.8557142857142,2019-01-21,2022-06-11,7,41.2,0.1699029126213592,202,Lost
TB-21520,4737.486,9,526.3873333333333,2019-10-17,2022-09-14,9,35.4,0.2542372881355932,107,At-risk
TB-21595,1387.5590000000002,5,277.51180000000005,2019-02-18,2022-03-20,5,37.5,0.13333333333333333,285,Lost
TB-21625,2797.6679999999997,9,310.852,2019-08-06,2022-11-30,9,40.4,0.22277227722772278,30,Active
TC-20980,19052.218,5,3810.4436,2019-11-07,2021-11-26,5,25.0,0.2,399,Lost
TC-21145,1038.26,1,1038.26,2022-09-15,2022-09-15,1,0.0,inf,106,At-risk
TC-21295,4266.812,8,533.3515,2019-10-14,2022-12-03,8,38.2,0.20942408376963348,27,Active
TC-21475,1244.976,9,138.33066666666667,2019-11-22,2022-07-30,9,32.7,0.2752293577981651,153,At-risk
TC-21535,742.558,7,106.07971428571429,2019-11-03,2022-12-26,7,38.3,0.18276762402088775,4,Active
TD-20995,1434.548,9,159.39422222222223,2019-05-19,2022-11-23,9,42.8,0.21028037383177572,37,Active
TG-21310,3058.372,5,611.6744,2020-03-08,2022-01-27,5,23.0,0.21739130434782608,337,Lost
TG-21640,2074.661,4,518.66525,2019-03-31,2022-09-07,4,41.9,0.0954653937947494,114,At-risk
TH-21100,2422.824,5,484.5648,2019-09-27,2022-01-20,5,28.2,0.1773049645390071,344,Lost
TH-21115,2942.772,4,735.693,2019-09-23,2022-11-02,4,37.9,0.10554089709762533,58,Active
TH-21235,1022.201,8,127.775125,2019-11-04,2022-09-04,8,34.5,0.2318840579710145,117,At-risk
TH-21550,4234.096,7,604.8708571428571,2019-04-05,2022-10-19,7,43.1,0.16241299303944315,72,Active
TM-21010,2955.2259999999997,8,369.40324999999996,2019-02-21,2022-09-18,8,43.5,0.1839080459770115,103,At-risk
TM-21490,1094.6779999999999,3,364.8926666666666,2022-03-30,2022-08-22,3,4.8,0.625,130,At-risk
TN-21040,3130.2210000000005,7,447.1744285714286,2019-10-10,2022-10-01,7,36.2,0.19337016574585633,90,Active
TP-21130,4454.0560000000005,9,494.8951111111112,2020-04-13,2022-12-22,9,32.8,0.27439024390243905,8,Active
TP-21415,5329.0048,5,1065.80096,2020-11-27,2022-09-17,5,22.0,0.22727272727272727,104,At-risk
TP-21565,1936.6399999999999,4,484.15999999999997,2020-02-29,2022-01-14,4,22.8,0.17543859649122806,350,Lost
TR-21325,675.942,5,135.1884,2019-12-01,2022-06-20,5,31.1,0.1607717041800643,193,Lost
TS-21085,4.833,2,2.4165,2020-07-18,2022-01-07,2,17.9,0.111731843575419,357,Lost
TS-21160,2163.624,6,360.604,2019-04-23,2021-08-13,6,28.1,0.21352313167259784,504,Lost
TS-21205,5371.09,7,767.2985714285714,2019-03-21,2022-06-15,7,39.4,0.17766497461928935,198,Lost
TS-21340,974.7819999999999,5,194.95639999999997,2019-01-19,2022-05-18,5,40.5,0.12345679012345678,226,Lost
TS-21370,11891.751,6,1981.9585,2019-10-28,2022-11-24,6,37.4,0.16042780748663102,36,Active
TS-21430,2054.14,5,410.828,2019-07-30,2022-07-11,5,35.9,0.1392757660167131,172,At-risk
TS-21505,2243.274,6,373.87899999999996,2019-12-20,2022-12-19,6,36.5,0.1643835616438356,11,Active
TS-21610,2820.424,7,402.9177142857143,2019-08-16,2022-11-05,7,39.2,0.17857142857142855,55,Active
TS-21655,3368.094,5,673.6188,2020-02-06,2022-05-06,5,27.3,0.18315018315018314,238,Lost
TT-21070,4915.602000000001,7,702.2288571428572,2019-05-18,2022-11-29,7,43.0,0.16279069767441862,31,Active
TT-21220,1427.044,8,178.3805,2019-09-23,2022-06-30,8,33.7,0.2373887240356083,183,Lost
TT-21265,439.5,3,146.5,2020-08-14,2021-11-19,3,15.4,0.19480519480519481,406,Lost
TT-21460,5364.808,7,766.4011428571429,2020-12-07,2022-12-18,7,24.7,0.2834008097165992,12,Active
TW-21025,5278.826,7,754.118,2019-12-22,2022-10-27,7,34.7,0.20172910662824206,64,Active
TZ-21580,1707.286,4,426.8215,2019-11-11,2022-11-25,4,37.0,0.10810810810810811,35,Active
VB-21745,2005.596,6,334.266,2020-07-16,2022-11-06,6,28.1,0.21352313167259784,54,Active
VD-21670,6442.254,6,1073.709,2019-08-04,2021-05-28,6,22.1,0.27149321266968324,581,Lost
VF-21715,847.944,5,169.5888,2019-03-01,2022-12-17,5,46.2,0.10822510822510822,13,Active
VG-21790,846.01,6,141.00166666666667,2019-08-08,2022-07-29,6,36.2,0.16574585635359115,154,At-risk
VG-21805,427.372,5,85.4744,2019-09-22,2022-03-19,5,30.3,0.16501650165016502,286,Lost
VM-21685,2454.866,7,350.69514285714286,2019-04-07,2022-11-06,7,43.6,0.1605504587155963,54,Active
VM-21835,380.69,5,76.138,2019-03-22,2022-09-04,5,42.1,0.1187648456057007,117,At-risk
VP-21730,993.9019999999999,3,331.30066666666664,2020-07-04,2022-11-30,3,29.3,0.10238907849829351,30,Active
VP-21760,3360.526,7,480.07514285714285,2019-09-06,2022-10-16,7,37.9,0.18469656992084432,75,Active
VS-21820,1055.981,4,263.99525,2019-01-07,2022-05-23,4,41.1,0.097323600973236,221,Lost
VT-21700,1736.596,2,868.298,2019-06-06,2020-04-04,2,10.1,0.19801980198019803,1000,Lost
VW-21775,6134.0380000000005,10,613.4038,2019-05-11,2022-12-02,10,43.4,0.2304147465437788,28,Active
WB-21850,6160.102,11,560.0092727272727,2019-11-04,2022-12-10,11,37.7,0.2917771883289124,20,Active
XP-21865,2374.658,11,215.878,2019-01-20,2022-11-17,11,46.6,0.23605150214592274,43,Active
YC-21895,5454.35,5,1090.8700000000001,2019-11-17,2022-12-26,5,37.8,0.1322751322751323,4,Active
YS-21880,6720.4439999999995,8,840.0554999999999,2020-01-12,2022-12-21,8,35.8,0.223463687150838,9,Active
ZC-21910,8025.707,13,617.362076923077,2019-10-13,2022-11-06,13,37.3,0.3485254691689008,54,Active
ZD-21925,1493.944,5,298.7888,2019-08-27,2022-06-11,5,34.0,0.14705882352941177,202,Lost
